"game","degree","strength","betweenness","pagerank","neg_share"
"Cyberpunk 2077",23,530,0.420948616600791,0.0810854449075289,0.175164058556285
"Hogwarts Legacy",23,450,0.0632411067193676,0.0692606736892118,0.308697838109603
"Baldur's Gate 3",23,433,0.0217391304347826,0.0669297360831831,0.0693119035660472
"Elden Ring",23,418,0.0217391304347826,0.0649025736615236,0.0902672718103883
"Kingdom Come Deliverance II",23,324,0,0.0515930646722693,0.105715730905412
"Starfield",23,322,0.0790513833992095,0.0522756146977556,0.644410723318159
"Ghost of Tsushima",23,316,0.0118577075098814,0.0507943703358961,0.0624048706240487
"Palworld",23,312,0.0158102766798419,0.05070693167668,0.0876132930513595
"Fallout 76",23,291,0,0.0478059924316008,0.493178372915614
"Diablo IV",23,226,0,0.0387991098727776,0.660299432111513
"Monster Hunter Wilds",23,214,0.0197628458498024,0.0368783615300374,0.591457286432161
"Suicide Squad KTJL",22,211,0.0652173913043478,0.0373258309676088,0.624079915878023
"Overwatch 2",23,207,0,0.0362954180545977,0.776369168356998
"Assassin's Creed Shadows",23,202,0.00790513833992095,0.0351279114278966,0.553878188443519
"Helldivers 2",23,201,0,0.0348445208081211,0.558793969849246
"Battlefield 2042",23,192,0,0.0339444349791691,0.701674277016743
"Counter-Strike 2",22,172,0,0.0313200191429165,0.394992335206949
"Borderlands 4",23,164,0.00395256916996047,0.0302502289566991,0.747852450732693
"No Man's Sky",23,159,0,0.0286143098173289,0.175335570469799
"Redfall",21,153,0.00790513833992095,0.0288437747335817,0.690655832849681
"Skull and Bones",23,134,0,0.0257411154220913,0.374251497005988
"Team Fortress 2",22,134,0,0.0257163230186934,0.257868020304569
"Payday 3",23,108,0,0.0220931615877023,0.64292980671414
"Cities Skylines II",22,87,0,0.0188510775251293,0.725659229208925
