"game","month","up","down","total","neg_share","baseline","excess"
"Battlefield 2042",2021-11-01,21612,40065,61677,0.649593851841043,0.416440586001085,0.233153265839958
"Battlefield 2042",2021-12-01,7119,14760,21879,0.67461949814891,0.416440586001085,0.258178912147825
"Battlefield 2042",2022-01-01,2209,8134,10343,0.786425601856328,0.416440586001085,0.369985015855243
"Battlefield 2042",2022-02-01,824,5691,6515,0.873522640061397,0.416440586001085,0.457082054060312
"Battlefield 2042",2022-03-01,572,2520,3092,0.815006468305304,0.416440586001085,0.398565882304219
"Battlefield 2042",2025-06-01,1014,2240,3254,0.688383527965581,0.416440586001085,0.271942941964496
"Cities Skylines II",2024-02-01,554,1146,1700,0.674117647058823,0.462574152776177,0.211543494282647
"Cities Skylines II",2024-03-01,691,1751,2442,0.717035217035217,0.462574152776177,0.25446106425904
"Cities Skylines II",2024-04-01,529,1194,1723,0.69297736506094,0.462574152776177,0.230403212284763
"Cities Skylines II",2026-09-01,598,1187,1785,0.664985994397759,0.462574152776177,0.202411841621582
"Counter-Strike 2",2018-12-01,49885,35043,84928,0.412620101733233,0.114583972981271,0.298036128751962
"Counter-Strike 2",2023-10-01,75751,47236,122987,0.384073113418491,0.114583972981271,0.26948914043722
"Cyberpunk 2077",2021-02-01,7848,3481,11329,0.307264542325007,0.0931999096436165,0.21406463268139
"Cyberpunk 2077",2021-03-01,5513,3805,9318,0.408349431208414,0.0931999096436165,0.315149521564797
"Cyberpunk 2077",2022-03-01,5293,5142,10435,0.49276473406804,0.0931999096436165,0.399564824424424
"Diablo IV",2025-12-01,1483,1875,3358,0.558368076235855,0.288458929464345,0.26990914677151
"Helldivers 2",2024-05-01,114571,228757,343328,0.666292874452419,0.155068855824122,0.511224018628297
"Helldivers 2",2024-08-01,4979,7609,12588,0.604464569431204,0.155068855824122,0.449395713607083
"Helldivers 2",2025-09-01,8887,5089,13976,0.364124212936463,0.155068855824122,0.209055357112341
"Helldivers 2",2026-03-01,5955,3498,9453,0.370041256743891,0.155068855824122,0.214972400919769
"Helldivers 2",2026-04-01,3860,4573,8433,0.542274398197557,0.155068855824122,0.387205542373436
"Monster Hunter Wilds",2025-05-01,2349,3732,6081,0.613714849531327,0.383206095956997,0.23050875357433
"Monster Hunter Wilds",2025-06-01,2220,16019,18239,0.878282800592138,0.383206095956997,0.495076704635141
"Monster Hunter Wilds",2025-07-01,1783,9825,11608,0.846399035148174,0.383206095956997,0.463192939191177
"Monster Hunter Wilds",2025-08-01,1758,4063,5821,0.697990036076276,0.383206095956997,0.314783940119279
"Monster Hunter Wilds",2025-09-01,911,3135,4046,0.774839347503707,0.383206095956997,0.391633251546711
"Monster Hunter Wilds",2025-10-01,1488,3042,4530,0.671523178807947,0.383206095956997,0.28831708285095
"No Man's Sky",2016-08-01,22057,24935,46992,0.530622233571672,0.111103021890791,0.419519211680881
"No Man's Sky",2016-09-01,1891,4253,6144,0.692220052083333,0.111103021890791,0.581117030192542
"No Man's Sky",2016-10-01,1237,2686,3923,0.684680091766505,0.111103021890791,0.573577069875714
"No Man's Sky",2016-11-01,2015,2307,4322,0.533780657103193,0.111103021890791,0.422677635212402
"No Man's Sky",2019-08-01,3369,1593,4962,0.321039903264813,0.111103021890791,0.209936881374022
"Overwatch 2",2023-08-01,17530,160892,178422,0.901749784219435,0.538570670127419,0.363179114092016
"Overwatch 2",2023-09-01,3380,15597,18977,0.821889655899246,0.538570670127419,0.283318985771828
"Overwatch 2",2023-10-01,3065,9187,12252,0.749836761345086,0.538570670127419,0.211266091217668
"Payday 3",2023-09-01,10202,19151,29353,0.65243757026539,0.404639175257732,0.247798395007658
"Payday 3",2023-12-01,478,770,1248,0.61698717948718,0.404639175257732,0.212348004229448
"Payday 3",2024-01-01,262,539,801,0.6729088639201,0.404639175257732,0.268269688662368
"Payday 3",2024-02-01,110,379,489,0.775051124744376,0.404639175257732,0.370411949486644
"Payday 3",2024-03-01,130,569,699,0.814020028612303,0.404639175257732,0.409380853354571
"Redfall",2023-05-01,583,1145,1728,0.662615740740741,0.384615384615385,0.278000356125356
"Starfield",2023-12-01,2195,5271,7466,0.706000535762122,0.454397394136808,0.251603141625314
"Starfield",2024-01-01,1565,3170,4735,0.66948257655755,0.454397394136808,0.215085182420742
"Starfield",2024-06-01,728,2216,2944,0.752717391304348,0.454397394136808,0.29831999716754
"Team Fortress 2",2024-06-01,6433,46096,52529,0.877534314378724,0.0595092336292542,0.81802508074947
