appid,game,month_start_unix,up,down
553850,Helldivers 2,1706745600,119827,40360
553850,Helldivers 2,1709251200,98970,16423
553850,Helldivers 2,1711929600,45283,6147
553850,Helldivers 2,1714521600,114571,228757
553850,Helldivers 2,1717200000,8762,1872
553850,Helldivers 2,1719792000,4573,873
553850,Helldivers 2,1722470400,4979,7609
553850,Helldivers 2,1725148800,5011,1744
553850,Helldivers 2,1727740800,4448,489
553850,Helldivers 2,1730419200,13175,786
553850,Helldivers 2,1733011200,15858,1713
553850,Helldivers 2,1735689600,9104,598
553850,Helldivers 2,1738368000,7688,827
553850,Helldivers 2,1740787200,6230,895
553850,Helldivers 2,1743465600,3601,461
553850,Helldivers 2,1746057600,10776,5567
553850,Helldivers 2,1748736000,9387,1146
553850,Helldivers 2,1751328000,6079,739
553850,Helldivers 2,1754006400,5514,828
553850,Helldivers 2,1756684800,8887,5089
553850,Helldivers 2,1759276800,4306,2819
553850,Helldivers 2,1761955200,5551,1088
553850,Helldivers 2,1764547200,4942,871
553850,Helldivers 2,1767225600,4265,638
553850,Helldivers 2,1769904000,8902,1425
553850,Helldivers 2,1772323200,5955,3498
553850,Helldivers 2,1775001600,3860,4573
553850,Helldivers 2,1777593600,3446,4434
553850,Helldivers 2,1780272000,2571,1053
553850,Helldivers 2,1782864000,2851,704
553850,Helldivers 2,1785542400,4986,1103
553850,Helldivers 2,1788220800,3405,532
949230,Cities Skylines II,1696118400,10646,8826
949230,Cities Skylines II,1698796800,6379,3161
949230,Cities Skylines II,1701388800,1465,1035
949230,Cities Skylines II,1704067200,1010,919
949230,Cities Skylines II,1706745600,554,1146
949230,Cities Skylines II,1709251200,691,1751
949230,Cities Skylines II,1711929600,529,1194
949230,Cities Skylines II,1714521600,439,639
949230,Cities Skylines II,1717200000,491,551
949230,Cities Skylines II,1719792000,774,530
949230,Cities Skylines II,1722470400,517,388
949230,Cities Skylines II,1725148800,437,381
949230,Cities Skylines II,1727740800,424,393
949230,Cities Skylines II,1730419200,545,505
949230,Cities Skylines II,1733011200,807,856
949230,Cities Skylines II,1735689600,577,571
949230,Cities Skylines II,1738368000,407,518
949230,Cities Skylines II,1740787200,683,680
949230,Cities Skylines II,1743465600,436,381
949230,Cities Skylines II,1746057600,437,414
949230,Cities Skylines II,1748736000,461,496
949230,Cities Skylines II,1751328000,486,387
949230,Cities Skylines II,1754006400,407,311
949230,Cities Skylines II,1756684800,342,310
949230,Cities Skylines II,1759276800,539,458
949230,Cities Skylines II,1761955200,682,563
949230,Cities Skylines II,1764547200,591,469
949230,Cities Skylines II,1767225600,531,294
949230,Cities Skylines II,1769904000,618,295
949230,Cities Skylines II,1772323200,792,294
949230,Cities Skylines II,1775001600,608,239
949230,Cities Skylines II,1777593600,668,268
949230,Cities Skylines II,1780272000,679,250
949230,Cities Skylines II,1782864000,685,221
949230,Cities Skylines II,1785542400,609,220
949230,Cities Skylines II,1788220800,598,1187
1716740,Starfield,1693526400,47326,15391
1716740,Starfield,1696118400,5976,5091
1716740,Starfield,1698796800,5394,3791
1716740,Starfield,1701388800,2195,5271
1716740,Starfield,1704067200,1565,3170
1716740,Starfield,1706745600,659,934
1716740,Starfield,1709251200,833,1204
1716740,Starfield,1711929600,468,629
1716740,Starfield,1714521600,701,676
1716740,Starfield,1717200000,728,2216
1716740,Starfield,1719792000,541,531
1716740,Starfield,1722470400,670,558
1716740,Starfield,1725148800,619,454
1716740,Starfield,1727740800,601,797
1716740,Starfield,1730419200,403,313
1716740,Starfield,1733011200,466,336
1716740,Starfield,1735689600,343,299
1716740,Starfield,1738368000,220,195
1716740,Starfield,1740787200,256,244
1716740,Starfield,1743465600,245,208
1716740,Starfield,1746057600,280,210
1716740,Starfield,1748736000,219,201
1716740,Starfield,1751328000,319,226
1716740,Starfield,1754006400,373,279
1716740,Starfield,1756684800,229,275
1716740,Starfield,1759276800,241,177
1716740,Starfield,1761955200,191,165
1716740,Starfield,1764547200,262,205
1716740,Starfield,1767225600,285,241
1716740,Starfield,1769904000,202,142
1716740,Starfield,1772323200,376,172
1716740,Starfield,1775001600,939,526
1716740,Starfield,1777593600,333,178
1716740,Starfield,1780272000,275,215
1716740,Starfield,1782864000,287,166
1716740,Starfield,1785542400,303,192
1716740,Starfield,1788220800,168,117
2357570,Overwatch 2,1690848000,17530,160892
2357570,Overwatch 2,1693526400,3380,15597
2357570,Overwatch 2,1696118400,3065,9187
2357570,Overwatch 2,1698796800,9855,10150
2357570,Overwatch 2,1701388800,2935,5790
2357570,Overwatch 2,1704067200,2658,5009
2357570,Overwatch 2,1706745600,3031,5908
2357570,Overwatch 2,1709251200,3009,5458
2357570,Overwatch 2,1711929600,3138,5669
2357570,Overwatch 2,1714521600,2830,5490
2357570,Overwatch 2,1717200000,2714,5629
2357570,Overwatch 2,1719792000,3098,6495
2357570,Overwatch 2,1722470400,3356,6131
2357570,Overwatch 2,1725148800,2975,5681
2357570,Overwatch 2,1727740800,3789,5936
2357570,Overwatch 2,1730419200,3626,4214
2357570,Overwatch 2,1733011200,2820,4293
2357570,Overwatch 2,1735689600,2107,4263
2357570,Overwatch 2,1738368000,2757,3178
2357570,Overwatch 2,1740787200,2342,2958
2357570,Overwatch 2,1743465600,2179,2437
2357570,Overwatch 2,1746057600,1951,2287
2357570,Overwatch 2,1748736000,1804,2002
2357570,Overwatch 2,1751328000,1720,2025
2357570,Overwatch 2,1754006400,2165,2277
2357570,Overwatch 2,1756684800,2013,1978
2357570,Overwatch 2,1759276800,2073,2087
2357570,Overwatch 2,1761955200,2118,1775
2357570,Overwatch 2,1764547200,2198,2116
2357570,Overwatch 2,1767225600,2474,2204
2357570,Overwatch 2,1769904000,8755,6312
2357570,Overwatch 2,1772323200,5500,4001
2357570,Overwatch 2,1775001600,3952,2892
2357570,Overwatch 2,1777593600,3796,3379
2357570,Overwatch 2,1780272000,4203,3220
2357570,Overwatch 2,1782864000,3557,2803
2357570,Overwatch 2,1785542400,3420,2734
2357570,Overwatch 2,1788220800,2950,2583
1623730,Palworld,1704067200,146750,9677
1623730,Palworld,1706745600,76090,5251
1623730,Palworld,1709251200,12761,1277
1623730,Palworld,1711929600,6366,796
1623730,Palworld,1714521600,3262,349
1623730,Palworld,1717200000,4239,450
1623730,Palworld,1719792000,6632,665
1623730,Palworld,1722470400,3270,292
1623730,Palworld,1725148800,3197,337
1623730,Palworld,1727740800,2215,151
1623730,Palworld,1730419200,15276,254
1623730,Palworld,1733011200,9620,565
1623730,Palworld,1735689600,6546,561
1623730,Palworld,1738368000,3626,301
1623730,Palworld,1740787200,3639,316
1623730,Palworld,1743465600,2200,227
1623730,Palworld,1746057600,2258,204
1623730,Palworld,1748736000,3096,250
1623730,Palworld,1751328000,4399,409
1623730,Palworld,1754006400,2752,228
1623730,Palworld,1756684800,2416,171
1623730,Palworld,1759276800,2808,179
1623730,Palworld,1761955200,5185,178
1623730,Palworld,1764547200,3277,193
1623730,Palworld,1767225600,3190,203
1623730,Palworld,1769904000,2305,145
1623730,Palworld,1772323200,2286,120
1623730,Palworld,1775001600,1916,163
1623730,Palworld,1777593600,1414,97
1623730,Palworld,1780272000,2738,123
1623730,Palworld,1782864000,32169,1871
1623730,Palworld,1785542400,15902,763
1623730,Palworld,1788220800,6308,330
1272080,Payday 3,1693526400,10202,19151
1272080,Payday 3,1696118400,2246,1737
1272080,Payday 3,1698796800,1758,957
1272080,Payday 3,1701388800,478,770
1272080,Payday 3,1704067200,262,539
1272080,Payday 3,1706745600,110,379
1272080,Payday 3,1709251200,130,569
1272080,Payday 3,1711929600,97,268
1272080,Payday 3,1714521600,98,347
1272080,Payday 3,1717200000,281,352
1272080,Payday 3,1719792000,423,281
1272080,Payday 3,1722470400,340,337
1272080,Payday 3,1725148800,734,327
1272080,Payday 3,1727740800,386,98
1272080,Payday 3,1730419200,501,250
1272080,Payday 3,1733011200,403,281
1272080,Payday 3,1735689600,316,227
1272080,Payday 3,1738368000,314,180
1272080,Payday 3,1740787200,377,191
1272080,Payday 3,1743465600,161,120
1272080,Payday 3,1746057600,169,110
1272080,Payday 3,1748736000,231,157
1272080,Payday 3,1751328000,747,408
1272080,Payday 3,1754006400,194,122
1272080,Payday 3,1756684800,246,201
1272080,Payday 3,1759276800,250,205
1272080,Payday 3,1761955200,183,104
1272080,Payday 3,1764547200,209,129
1272080,Payday 3,1767225600,201,185
1272080,Payday 3,1769904000,92,79
1272080,Payday 3,1772323200,180,132
1272080,Payday 3,1775001600,137,68
1272080,Payday 3,1777593600,290,165
1272080,Payday 3,1780272000,288,170
1272080,Payday 3,1782864000,431,174
1272080,Payday 3,1785542400,200,104
1272080,Payday 3,1788220800,410,137
2344520,Diablo IV,1696118400,2106,1625
2344520,Diablo IV,1698796800,3341,955
2344520,Diablo IV,1701388800,1921,755
2344520,Diablo IV,1704067200,1102,503
2344520,Diablo IV,1706745600,870,442
2344520,Diablo IV,1709251200,852,377
2344520,Diablo IV,1711929600,790,276
2344520,Diablo IV,1714521600,1246,346
2344520,Diablo IV,1717200000,2148,656
2344520,Diablo IV,1719792000,618,185
2344520,Diablo IV,1722470400,1351,380
2344520,Diablo IV,1725148800,1310,491
2344520,Diablo IV,1727740800,2111,1328
2344520,Diablo IV,1730419200,990,454
2344520,Diablo IV,1733011200,1220,552
2344520,Diablo IV,1735689600,1117,463
2344520,Diablo IV,1738368000,871,262
2344520,Diablo IV,1740787200,758,325
2344520,Diablo IV,1743465600,815,268
2344520,Diablo IV,1746057600,768,560
2344520,Diablo IV,1748736000,673,313
2344520,Diablo IV,1751328000,979,435
2344520,Diablo IV,1754006400,1059,438
2344520,Diablo IV,1756684800,740,294
2344520,Diablo IV,1759276800,1124,333
2344520,Diablo IV,1761955200,819,241
2344520,Diablo IV,1764547200,1483,1875
2344520,Diablo IV,1767225600,1029,351
2344520,Diablo IV,1769904000,741,232
2344520,Diablo IV,1772323200,951,327
2344520,Diablo IV,1775001600,983,505
2344520,Diablo IV,1777593600,2492,922
2344520,Diablo IV,1780272000,753,245
2344520,Diablo IV,1782864000,826,479
2344520,Diablo IV,1785542400,373,180
2344520,Diablo IV,1788220800,2109,1040
1294810,Redfall,1682899200,583,1145
1294810,Redfall,1685577600,19,36
1294810,Redfall,1688169600,5,13
1294810,Redfall,1690848000,7,12
1294810,Redfall,1693526400,4,8
1294810,Redfall,1696118400,7,12
1294810,Redfall,1698796800,70,26
1294810,Redfall,1701388800,63,34
1294810,Redfall,1704067200,42,25
1294810,Redfall,1706745600,6,10
1294810,Redfall,1709251200,22,8
1294810,Redfall,1711929600,24,12
1294810,Redfall,1714521600,19,26
1294810,Redfall,1717200000,33,9
1294810,Redfall,1719792000,27,3
1294810,Redfall,1722470400,30,18
1294810,Redfall,1725148800,3,2
1294810,Redfall,1727740800,19,10
1294810,Redfall,1730419200,10,3
1294810,Redfall,1733011200,10,7
1294810,Redfall,1735689600,5,3
1294810,Redfall,1738368000,2,4
1294810,Redfall,1740787200,11,3
1294810,Redfall,1743465600,3,2
1294810,Redfall,1746057600,6,6
1294810,Redfall,1748736000,8,5
1294810,Redfall,1751328000,4,10
1294810,Redfall,1754006400,10,3
1294810,Redfall,1756684800,6,0
1294810,Redfall,1759276800,4,4
1294810,Redfall,1761955200,1,6
1294810,Redfall,1764547200,5,2
1294810,Redfall,1767225600,2,0
1294810,Redfall,1769904000,7,9
1294810,Redfall,1772323200,8,5
1294810,Redfall,1775001600,7,4
1294810,Redfall,1777593600,4,0
1294810,Redfall,1780272000,2,3
1294810,Redfall,1782864000,9,2
1294810,Redfall,1785542400,13,6
1294810,Redfall,1788220800,1,3
2853730,Skull and Bones,1722470400,399,234
2853730,Skull and Bones,1725148800,219,94
2853730,Skull and Bones,1727740800,67,48
2853730,Skull and Bones,1730419200,67,36
2853730,Skull and Bones,1733011200,56,39
2853730,Skull and Bones,1735689600,31,15
2853730,Skull and Bones,1738368000,17,11
2853730,Skull and Bones,1740787200,59,24
2853730,Skull and Bones,1743465600,81,27
2853730,Skull and Bones,1746057600,61,29
2853730,Skull and Bones,1748736000,73,34
2853730,Skull and Bones,1751328000,339,192
2853730,Skull and Bones,1754006400,115,42
2853730,Skull and Bones,1756684800,69,32
2853730,Skull and Bones,1759276800,251,138
2853730,Skull and Bones,1761955200,93,53
2853730,Skull and Bones,1764547200,99,46
2853730,Skull and Bones,1767225600,76,31
2853730,Skull and Bones,1769904000,55,26
2853730,Skull and Bones,1772323200,155,92
2853730,Skull and Bones,1775001600,52,24
2853730,Skull and Bones,1777593600,288,218
2853730,Skull and Bones,1780272000,90,57
2853730,Skull and Bones,1782864000,110,64
2853730,Skull and Bones,1785542400,105,75
2853730,Skull and Bones,1788220800,79,27
315210,Suicide Squad KTJL,1706745600,3589,887
315210,Suicide Squad KTJL,1709251200,465,295
315210,Suicide Squad KTJL,1711929600,143,119
315210,Suicide Squad KTJL,1714521600,152,103
315210,Suicide Squad KTJL,1717200000,136,86
315210,Suicide Squad KTJL,1719792000,226,165
315210,Suicide Squad KTJL,1722470400,47,62
315210,Suicide Squad KTJL,1725148800,141,106
315210,Suicide Squad KTJL,1727740800,87,102
315210,Suicide Squad KTJL,1730419200,372,354
315210,Suicide Squad KTJL,1733011200,1104,826
315210,Suicide Squad KTJL,1735689600,391,324
315210,Suicide Squad KTJL,1738368000,155,131
315210,Suicide Squad KTJL,1740787200,113,95
315210,Suicide Squad KTJL,1743465600,85,77
315210,Suicide Squad KTJL,1746057600,47,52
315210,Suicide Squad KTJL,1748736000,69,69
315210,Suicide Squad KTJL,1751328000,189,119
315210,Suicide Squad KTJL,1754006400,109,92
315210,Suicide Squad KTJL,1756684800,126,98
315210,Suicide Squad KTJL,1759276800,179,136
315210,Suicide Squad KTJL,1761955200,61,60
315210,Suicide Squad KTJL,1764547200,115,95
315210,Suicide Squad KTJL,1767225600,101,79
315210,Suicide Squad KTJL,1769904000,68,41
315210,Suicide Squad KTJL,1772323200,75,63
315210,Suicide Squad KTJL,1775001600,74,47
315210,Suicide Squad KTJL,1777593600,38,47
315210,Suicide Squad KTJL,1780272000,43,37
315210,Suicide Squad KTJL,1782864000,63,54
315210,Suicide Squad KTJL,1785542400,50,43
315210,Suicide Squad KTJL,1788220800,29,32
2215430,Ghost of Tsushima,1714521600,14168,1814
2215430,Ghost of Tsushima,1717200000,5883,433
2215430,Ghost of Tsushima,1719792000,2297,135
2215430,Ghost of Tsushima,1722470400,1762,99
2215430,Ghost of Tsushima,1725148800,2158,154
2215430,Ghost of Tsushima,1727740800,1628,81
2215430,Ghost of Tsushima,1730419200,2774,58
2215430,Ghost of Tsushima,1733011200,2630,141
2215430,Ghost of Tsushima,1735689600,1759,109
2215430,Ghost of Tsushima,1738368000,1036,53
2215430,Ghost of Tsushima,1740787200,2418,175
2215430,Ghost of Tsushima,1743465600,1334,76
2215430,Ghost of Tsushima,1746057600,885,42
2215430,Ghost of Tsushima,1748736000,832,53
2215430,Ghost of Tsushima,1751328000,1839,96
2215430,Ghost of Tsushima,1754006400,1068,42
2215430,Ghost of Tsushima,1756684800,729,259
2215430,Ghost of Tsushima,1759276800,2615,131
2215430,Ghost of Tsushima,1761955200,2043,123
2215430,Ghost of Tsushima,1764547200,2511,162
2215430,Ghost of Tsushima,1767225600,1982,123
2215430,Ghost of Tsushima,1769904000,1340,108
2215430,Ghost of Tsushima,1772323200,1370,94
2215430,Ghost of Tsushima,1775001600,986,51
2215430,Ghost of Tsushima,1777593600,708,52
2215430,Ghost of Tsushima,1780272000,810,57
2215430,Ghost of Tsushima,1782864000,1411,83
2215430,Ghost of Tsushima,1785542400,867,43
2215430,Ghost of Tsushima,1788220800,668,28
990080,Hogwarts Legacy,1675209600,110771,8264
990080,Hogwarts Legacy,1677628800,18614,2221
990080,Hogwarts Legacy,1680307200,5048,897
990080,Hogwarts Legacy,1682899200,3226,584
990080,Hogwarts Legacy,1685577600,2402,368
990080,Hogwarts Legacy,1688169600,3229,504
990080,Hogwarts Legacy,1690848000,2008,364
990080,Hogwarts Legacy,1693526400,2635,412
990080,Hogwarts Legacy,1696118400,2045,329
990080,Hogwarts Legacy,1698796800,12093,548
990080,Hogwarts Legacy,1701388800,3918,581
990080,Hogwarts Legacy,1704067200,4179,501
990080,Hogwarts Legacy,1706745600,2467,371
990080,Hogwarts Legacy,1709251200,2290,385
990080,Hogwarts Legacy,1711929600,1979,342
990080,Hogwarts Legacy,1714521600,1389,224
990080,Hogwarts Legacy,1717200000,2554,1217
990080,Hogwarts Legacy,1719792000,3132,1223
990080,Hogwarts Legacy,1722470400,1696,306
990080,Hogwarts Legacy,1725148800,4117,624
990080,Hogwarts Legacy,1727740800,2456,373
990080,Hogwarts Legacy,1730419200,3699,477
990080,Hogwarts Legacy,1733011200,4984,703
990080,Hogwarts Legacy,1735689600,4173,621
990080,Hogwarts Legacy,1738368000,3135,808
990080,Hogwarts Legacy,1740787200,3337,540
990080,Hogwarts Legacy,1743465600,2365,438
990080,Hogwarts Legacy,1746057600,1968,348
990080,Hogwarts Legacy,1748736000,1807,331
990080,Hogwarts Legacy,1751328000,2608,424
990080,Hogwarts Legacy,1754006400,2087,355
990080,Hogwarts Legacy,1756684800,2565,426
990080,Hogwarts Legacy,1759276800,4940,746
990080,Hogwarts Legacy,1761955200,5533,529
990080,Hogwarts Legacy,1764547200,5471,922
990080,Hogwarts Legacy,1767225600,3357,529
990080,Hogwarts Legacy,1769904000,2039,304
990080,Hogwarts Legacy,1772323200,2027,338
990080,Hogwarts Legacy,1775001600,1460,281
990080,Hogwarts Legacy,1777593600,1178,218
990080,Hogwarts Legacy,1780272000,1591,268
990080,Hogwarts Legacy,1782864000,1445,230
990080,Hogwarts Legacy,1785542400,1246,269
990080,Hogwarts Legacy,1788220800,1731,346
1086940,Baldur's Gate 3,1601510400,19543,2618
1086940,Baldur's Gate 3,1604188800,4980,452
1086940,Baldur's Gate 3,1606780800,1747,223
1086940,Baldur's Gate 3,1609459200,1195,189
1086940,Baldur's Gate 3,1612137600,1263,175
1086940,Baldur's Gate 3,1614556800,1679,219
1086940,Baldur's Gate 3,1617235200,935,155
1086940,Baldur's Gate 3,1619827200,767,145
1086940,Baldur's Gate 3,1622505600,575,134
1086940,Baldur's Gate 3,1625097600,1008,162
1086940,Baldur's Gate 3,1627776000,810,171
1086940,Baldur's Gate 3,1630454400,671,138
1086940,Baldur's Gate 3,1633046400,1277,196
1086940,Baldur's Gate 3,1635724800,837,131
1086940,Baldur's Gate 3,1638316800,554,113
1086940,Baldur's Gate 3,1640995200,600,153
1086940,Baldur's Gate 3,1643673600,723,161
1086940,Baldur's Gate 3,1646092800,453,104
1086940,Baldur's Gate 3,1648771200,405,123
1086940,Baldur's Gate 3,1651363200,373,108
1086940,Baldur's Gate 3,1654041600,380,147
1086940,Baldur's Gate 3,1656633600,964,234
1086940,Baldur's Gate 3,1659312000,631,121
1086940,Baldur's Gate 3,1661990400,465,106
1086940,Baldur's Gate 3,1664582400,455,158
1086940,Baldur's Gate 3,1667260800,529,119
1086940,Baldur's Gate 3,1669852800,941,116
1086940,Baldur's Gate 3,1672531200,959,107
1086940,Baldur's Gate 3,1675209600,752,82
1086940,Baldur's Gate 3,1677628800,985,105
1086940,Baldur's Gate 3,1680307200,895,82
1086940,Baldur's Gate 3,1682899200,793,75
1086940,Baldur's Gate 3,1685577600,980,78
1086940,Baldur's Gate 3,1688169600,8513,386
1086940,Baldur's Gate 3,1690848000,174597,7370
1086940,Baldur's Gate 3,1693526400,66975,2395
1086940,Baldur's Gate 3,1696118400,29420,1081
1086940,Baldur's Gate 3,1698796800,87425,1167
1086940,Baldur's Gate 3,1701388800,31852,1282
1086940,Baldur's Gate 3,1704067200,29493,1249
1086940,Baldur's Gate 3,1706745600,18164,801
1086940,Baldur's Gate 3,1709251200,14453,715
1086940,Baldur's Gate 3,1711929600,9897,443
1086940,Baldur's Gate 3,1714521600,9534,420
1086940,Baldur's Gate 3,1717200000,8741,388
1086940,Baldur's Gate 3,1719792000,10734,519
1086940,Baldur's Gate 3,1722470400,9390,403
1086940,Baldur's Gate 3,1725148800,11140,612
1086940,Baldur's Gate 3,1727740800,7606,334
1086940,Baldur's Gate 3,1730419200,17253,388
1086940,Baldur's Gate 3,1733011200,20427,1239
1086940,Baldur's Gate 3,1735689600,9109,427
1086940,Baldur's Gate 3,1738368000,7103,319
1086940,Baldur's Gate 3,1740787200,7557,295
1086940,Baldur's Gate 3,1743465600,9508,426
1086940,Baldur's Gate 3,1746057600,7820,366
1086940,Baldur's Gate 3,1748736000,5873,305
1086940,Baldur's Gate 3,1751328000,6479,315
1086940,Baldur's Gate 3,1754006400,5799,247
1086940,Baldur's Gate 3,1756684800,5672,334
1086940,Baldur's Gate 3,1759276800,5596,277
1086940,Baldur's Gate 3,1761955200,11619,249
1086940,Baldur's Gate 3,1764547200,6637,523
1086940,Baldur's Gate 3,1767225600,7202,503
1086940,Baldur's Gate 3,1769904000,5097,291
1086940,Baldur's Gate 3,1772323200,5129,298
1086940,Baldur's Gate 3,1775001600,3909,180
1086940,Baldur's Gate 3,1777593600,4248,270
1086940,Baldur's Gate 3,1780272000,3718,211
1086940,Baldur's Gate 3,1782864000,4641,260
1086940,Baldur's Gate 3,1785542400,4972,313
1086940,Baldur's Gate 3,1788220800,3775,191
1245620,Elden Ring,1643673600,70204,25063
1245620,Elden Ring,1646092800,191559,18982
1245620,Elden Ring,1648771200,48837,4191
1245620,Elden Ring,1651363200,19446,1696
1245620,Elden Ring,1654041600,11680,1057
1245620,Elden Ring,1656633600,8456,768
1245620,Elden Ring,1659312000,7598,699
1245620,Elden Ring,1661990400,5814,445
1245620,Elden Ring,1664582400,5414,405
1245620,Elden Ring,1667260800,31368,581
1245620,Elden Ring,1669852800,14346,1132
1245620,Elden Ring,1672531200,18024,1275
1245620,Elden Ring,1675209600,10303,630
1245620,Elden Ring,1677628800,9795,585
1245620,Elden Ring,1680307200,6201,449
1245620,Elden Ring,1682899200,4867,339
1245620,Elden Ring,1685577600,4772,322
1245620,Elden Ring,1688169600,10515,929
1245620,Elden Ring,1690848000,6776,463
1245620,Elden Ring,1693526400,4890,327
1245620,Elden Ring,1696118400,9084,820
1245620,Elden Ring,1698796800,8300,368
1245620,Elden Ring,1701388800,9025,734
1245620,Elden Ring,1704067200,13847,875
1245620,Elden Ring,1706745600,10657,626
1245620,Elden Ring,1709251200,11002,635
1245620,Elden Ring,1711929600,6904,409
1245620,Elden Ring,1714521600,8647,536
1245620,Elden Ring,1717200000,36714,5051
1245620,Elden Ring,1719792000,36109,3502
1245620,Elden Ring,1722470400,13340,1086
1245620,Elden Ring,1725148800,8177,725
1245620,Elden Ring,1727740800,6089,1289
1245620,Elden Ring,1730419200,9131,391
1245620,Elden Ring,1733011200,9826,720
1245620,Elden Ring,1735689600,9507,754
1245620,Elden Ring,1738368000,6063,476
1245620,Elden Ring,1740787200,7773,673
1245620,Elden Ring,1743465600,5539,474
1245620,Elden Ring,1746057600,5443,464
1245620,Elden Ring,1748736000,6213,580
1245620,Elden Ring,1751328000,8100,798
1245620,Elden Ring,1754006400,5299,436
1245620,Elden Ring,1756684800,3420,265
1245620,Elden Ring,1759276800,3148,240
1245620,Elden Ring,1761955200,3403,245
1245620,Elden Ring,1764547200,5085,469
1245620,Elden Ring,1767225600,6198,525
1245620,Elden Ring,1769904000,3937,332
1245620,Elden Ring,1772323200,4585,474
1245620,Elden Ring,1775001600,4447,369
1245620,Elden Ring,1777593600,4143,321
1245620,Elden Ring,1780272000,4008,297
1245620,Elden Ring,1782864000,3897,327
1245620,Elden Ring,1785542400,4167,536
1245620,Elden Ring,1788220800,3312,341
730,Counter-Strike 2,1335830400,1,0
730,Counter-Strike 2,1343779200,1630,208
730,Counter-Strike 2,1346457600,1003,88
730,Counter-Strike 2,1349049600,511,59
730,Counter-Strike 2,1351728000,591,62
730,Counter-Strike 2,1354320000,867,93
730,Counter-Strike 2,1356998400,690,78
730,Counter-Strike 2,1359676800,598,68
730,Counter-Strike 2,1362096000,529,55
730,Counter-Strike 2,1364774400,495,53
730,Counter-Strike 2,1367366400,1003,128
730,Counter-Strike 2,1370044800,776,91
730,Counter-Strike 2,1372636800,929,95
730,Counter-Strike 2,1375315200,728,97
730,Counter-Strike 2,1377993600,827,100
730,Counter-Strike 2,1380585600,931,100
730,Counter-Strike 2,1383264000,3496,228
730,Counter-Strike 2,1385856000,18983,1008
730,Counter-Strike 2,1388534400,15735,843
730,Counter-Strike 2,1391212800,11181,628
730,Counter-Strike 2,1393632000,13930,885
730,Counter-Strike 2,1396310400,11987,650
730,Counter-Strike 2,1398902400,12406,741
730,Counter-Strike 2,1401580800,24742,1242
730,Counter-Strike 2,1404172800,20171,1319
730,Counter-Strike 2,1406851200,21564,1252
730,Counter-Strike 2,1409529600,18259,1224
730,Counter-Strike 2,1412121600,16945,1214
730,Counter-Strike 2,1414800000,20940,1658
730,Counter-Strike 2,1417392000,30837,2229
730,Counter-Strike 2,1420070400,34941,2436
730,Counter-Strike 2,1422748800,28898,2084
730,Counter-Strike 2,1425168000,36869,2666
730,Counter-Strike 2,1427846400,37328,2831
730,Counter-Strike 2,1430438400,42027,3114
730,Counter-Strike 2,1433116800,51772,4532
730,Counter-Strike 2,1435708800,39299,3378
730,Counter-Strike 2,1438387200,42101,3691
730,Counter-Strike 2,1441065600,38546,3531
730,Counter-Strike 2,1443657600,42958,3825
730,Counter-Strike 2,1446336000,47536,4395
730,Counter-Strike 2,1448928000,63369,8518
730,Counter-Strike 2,1451606400,59292,7904
730,Counter-Strike 2,1454284800,55607,6095
730,Counter-Strike 2,1456790400,51267,5181
730,Counter-Strike 2,1459468800,47222,4728
730,Counter-Strike 2,1462060800,42784,4596
730,Counter-Strike 2,1464739200,46101,5721
730,Counter-Strike 2,1467331200,43257,5598
730,Counter-Strike 2,1470009600,36129,5453
730,Counter-Strike 2,1472688000,30699,4943
730,Counter-Strike 2,1475280000,31139,5365
730,Counter-Strike 2,1477958400,119996,13183
730,Counter-Strike 2,1480550400,48938,7279
730,Counter-Strike 2,1483228800,49265,7500
730,Counter-Strike 2,1485907200,44226,7229
730,Counter-Strike 2,1488326400,45310,6540
730,Counter-Strike 2,1491004800,45248,6081
730,Counter-Strike 2,1493596800,42320,5998
730,Counter-Strike 2,1496275200,51702,7767
730,Counter-Strike 2,1498867200,49776,7976
730,Counter-Strike 2,1501545600,41377,8539
730,Counter-Strike 2,1504224000,38971,7819
730,Counter-Strike 2,1506816000,40456,8508
730,Counter-Strike 2,1509494400,90715,13673
730,Counter-Strike 2,1512086400,45971,7814
730,Counter-Strike 2,1514764800,47300,8666
730,Counter-Strike 2,1517443200,39603,7380
730,Counter-Strike 2,1519862400,38423,8927
730,Counter-Strike 2,1522540800,26395,7531
730,Counter-Strike 2,1525132800,25846,6321
730,Counter-Strike 2,1527811200,31037,6884
730,Counter-Strike 2,1530403200,29220,6299
730,Counter-Strike 2,1533081600,29830,6292
730,Counter-Strike 2,1535760000,26312,4878
730,Counter-Strike 2,1538352000,25296,4299
730,Counter-Strike 2,1541030400,68588,8995
730,Counter-Strike 2,1543622400,49885,35043
730,Counter-Strike 2,1546300800,35082,8871
730,Counter-Strike 2,1548979200,34192,5963
730,Counter-Strike 2,1551398400,35272,5236
730,Counter-Strike 2,1554076800,29803,4616
730,Counter-Strike 2,1556668800,28130,4467
730,Counter-Strike 2,1559347200,72414,9413
730,Counter-Strike 2,1561939200,90065,10184
730,Counter-Strike 2,1564617600,28408,4152
730,Counter-Strike 2,1567296000,27057,3568
730,Counter-Strike 2,1569888000,52944,5789
730,Counter-Strike 2,1572566400,200311,22686
730,Counter-Strike 2,1575158400,123114,14973
730,Counter-Strike 2,1577836800,106271,13640
730,Counter-Strike 2,1580515200,98576,12199
730,Counter-Strike 2,1583020800,129384,15919
730,Counter-Strike 2,1585699200,154264,19462
730,Counter-Strike 2,1588291200,134154,16237
730,Counter-Strike 2,1590969600,105266,12827
730,Counter-Strike 2,1593561600,95677,12356
730,Counter-Strike 2,1596240000,91206,12033
730,Counter-Strike 2,1598918400,78638,9689
730,Counter-Strike 2,1601510400,82983,10688
730,Counter-Strike 2,1604188800,123339,13520
730,Counter-Strike 2,1606780800,124355,14052
730,Counter-Strike 2,1609459200,105384,12999
730,Counter-Strike 2,1612137600,86505,10704
730,Counter-Strike 2,1614556800,93466,11791
730,Counter-Strike 2,1617235200,82430,11258
730,Counter-Strike 2,1619827200,76920,11079
730,Counter-Strike 2,1622505600,86148,13458
730,Counter-Strike 2,1625097600,77235,10570
730,Counter-Strike 2,1627776000,78104,10531
730,Counter-Strike 2,1630454400,74696,9909
730,Counter-Strike 2,1633046400,70990,8999
730,Counter-Strike 2,1635724800,69056,8610
730,Counter-Strike 2,1638316800,68383,8724
730,Counter-Strike 2,1640995200,78616,9862
730,Counter-Strike 2,1643673600,71244,8735
730,Counter-Strike 2,1646092800,68066,8200
730,Counter-Strike 2,1648771200,57366,7269
730,Counter-Strike 2,1651363200,56049,7110
730,Counter-Strike 2,1654041600,56873,7444
730,Counter-Strike 2,1656633600,63481,8150
730,Counter-Strike 2,1659312000,71809,9490
730,Counter-Strike 2,1661990400,57430,7128
730,Counter-Strike 2,1664582400,55731,6675
730,Counter-Strike 2,1667260800,55857,6644
730,Counter-Strike 2,1669852800,63834,7258
730,Counter-Strike 2,1672531200,74513,8283
730,Counter-Strike 2,1675209600,67363,7730
730,Counter-Strike 2,1677628800,121419,9876
730,Counter-Strike 2,1680307200,91547,8966
730,Counter-Strike 2,1682899200,74457,7742
730,Counter-Strike 2,1685577600,73956,8395
730,Counter-Strike 2,1688169600,78000,8068
730,Counter-Strike 2,1690848000,74092,8120
730,Counter-Strike 2,1693526400,123959,33709
730,Counter-Strike 2,1696118400,75751,47236
730,Counter-Strike 2,1698796800,46871,17418
730,Counter-Strike 2,1701388800,42277,13785
730,Counter-Strike 2,1704067200,46500,12964
730,Counter-Strike 2,1706745600,53956,14013
730,Counter-Strike 2,1709251200,52831,15393
730,Counter-Strike 2,1711929600,45315,14386
730,Counter-Strike 2,1714521600,46485,11640
730,Counter-Strike 2,1717200000,52768,11937
730,Counter-Strike 2,1719792000,92586,12294
730,Counter-Strike 2,1722470400,59287,13149
730,Counter-Strike 2,1725148800,42907,11137
730,Counter-Strike 2,1727740800,46143,13870
730,Counter-Strike 2,1730419200,44829,10466
730,Counter-Strike 2,1733011200,47689,10513
730,Counter-Strike 2,1735689600,69176,14254
730,Counter-Strike 2,1738368000,69962,14763
730,Counter-Strike 2,1740787200,83567,17117
730,Counter-Strike 2,1743465600,60248,13126
730,Counter-Strike 2,1746057600,60317,14578
730,Counter-Strike 2,1748736000,53052,12610
730,Counter-Strike 2,1751328000,60333,18247
730,Counter-Strike 2,1754006400,62467,15694
730,Counter-Strike 2,1756684800,57587,12989
730,Counter-Strike 2,1759276800,71526,17125
730,Counter-Strike 2,1761955200,69096,13457
730,Counter-Strike 2,1764547200,69461,12677
730,Counter-Strike 2,1767225600,83532,15135
730,Counter-Strike 2,1769904000,74264,13621
730,Counter-Strike 2,1772323200,76991,21389
730,Counter-Strike 2,1775001600,66945,14659
730,Counter-Strike 2,1777593600,61471,14033
730,Counter-Strike 2,1780272000,60343,12678
730,Counter-Strike 2,1782864000,63004,16706
730,Counter-Strike 2,1785542400,64481,18479
730,Counter-Strike 2,1788220800,54686,14901
440,Team Fortress 2,1285891200,52,1
440,Team Fortress 2,1288569600,688,22
440,Team Fortress 2,1291161600,1312,47
440,Team Fortress 2,1293840000,375,12
440,Team Fortress 2,1296518400,249,14
440,Team Fortress 2,1298937600,241,11
440,Team Fortress 2,1301616000,274,16
440,Team Fortress 2,1304208000,255,9
440,Team Fortress 2,1306886400,1031,51
440,Team Fortress 2,1309478400,4077,105
440,Team Fortress 2,1312156800,956,30
440,Team Fortress 2,1314835200,795,21
440,Team Fortress 2,1317427200,755,34
440,Team Fortress 2,1320105600,610,26
440,Team Fortress 2,1322697600,2626,90
440,Team Fortress 2,1325376000,927,31
440,Team Fortress 2,1328054400,674,38
440,Team Fortress 2,1330560000,617,25
440,Team Fortress 2,1333238400,620,31
440,Team Fortress 2,1335830400,627,16
440,Team Fortress 2,1338508800,724,28
440,Team Fortress 2,1341100800,3148,105
440,Team Fortress 2,1343779200,1757,64
440,Team Fortress 2,1346457600,1518,48
440,Team Fortress 2,1349049600,1318,35
440,Team Fortress 2,1351728000,1201,40
440,Team Fortress 2,1354320000,1525,49
440,Team Fortress 2,1356998400,1334,53
440,Team Fortress 2,1359676800,1305,41
440,Team Fortress 2,1362096000,1582,59
440,Team Fortress 2,1364774400,1452,77
440,Team Fortress 2,1367366400,1922,74
440,Team Fortress 2,1370044800,1920,71
440,Team Fortress 2,1372636800,1392,51
440,Team Fortress 2,1375315200,1087,47
440,Team Fortress 2,1377993600,1102,46
440,Team Fortress 2,1380585600,1201,59
440,Team Fortress 2,1383264000,3582,129
440,Team Fortress 2,1385856000,16460,409
440,Team Fortress 2,1388534400,11642,307
440,Team Fortress 2,1391212800,9790,314
440,Team Fortress 2,1393632000,8592,265
440,Team Fortress 2,1396310400,7744,250
440,Team Fortress 2,1398902400,7942,299
440,Team Fortress 2,1401580800,16606,519
440,Team Fortress 2,1404172800,10861,377
440,Team Fortress 2,1406851200,9891,349
440,Team Fortress 2,1409529600,9842,395
440,Team Fortress 2,1412121600,9714,417
440,Team Fortress 2,1414800000,9833,480
440,Team Fortress 2,1417392000,9681,539
440,Team Fortress 2,1420070400,7417,440
440,Team Fortress 2,1422748800,5922,344
440,Team Fortress 2,1425168000,5912,348
440,Team Fortress 2,1427846400,5937,321
440,Team Fortress 2,1430438400,5920,373
440,Team Fortress 2,1433116800,7546,479
440,Team Fortress 2,1435708800,7172,694
440,Team Fortress 2,1438387200,6250,410
440,Team Fortress 2,1441065600,5200,320
440,Team Fortress 2,1443657600,6009,379
440,Team Fortress 2,1446336000,6723,477
440,Team Fortress 2,1448928000,10129,766
440,Team Fortress 2,1451606400,7900,590
440,Team Fortress 2,1454284800,6398,464
440,Team Fortress 2,1456790400,6816,490
440,Team Fortress 2,1459468800,5557,385
440,Team Fortress 2,1462060800,5584,398
440,Team Fortress 2,1464739200,7379,536
440,Team Fortress 2,1467331200,7393,1878
440,Team Fortress 2,1470009600,5292,837
440,Team Fortress 2,1472688000,4089,403
440,Team Fortress 2,1475280000,4343,475
440,Team Fortress 2,1477958400,14466,826
440,Team Fortress 2,1480550400,6806,492
440,Team Fortress 2,1483228800,6186,587
440,Team Fortress 2,1485907200,5188,481
440,Team Fortress 2,1488326400,5086,437
440,Team Fortress 2,1491004800,5117,401
440,Team Fortress 2,1493596800,5103,419
440,Team Fortress 2,1496275200,6758,535
440,Team Fortress 2,1498867200,8361,593
440,Team Fortress 2,1501545600,5086,487
440,Team Fortress 2,1504224000,4246,380
440,Team Fortress 2,1506816000,5964,707
440,Team Fortress 2,1509494400,11833,705
440,Team Fortress 2,1512086400,6391,510
440,Team Fortress 2,1514764800,4945,522
440,Team Fortress 2,1517443200,4479,409
440,Team Fortress 2,1519862400,4208,421
440,Team Fortress 2,1522540800,3587,358
440,Team Fortress 2,1525132800,3698,310
440,Team Fortress 2,1527811200,3950,354
440,Team Fortress 2,1530403200,3936,350
440,Team Fortress 2,1533081600,3628,316
440,Team Fortress 2,1535760000,2989,275
440,Team Fortress 2,1538352000,3103,267
440,Team Fortress 2,1541030400,9388,462
440,Team Fortress 2,1543622400,4076,366
440,Team Fortress 2,1546300800,3617,338
440,Team Fortress 2,1548979200,2985,307
440,Team Fortress 2,1551398400,2672,225
440,Team Fortress 2,1554076800,2673,240
440,Team Fortress 2,1556668800,2740,232
440,Team Fortress 2,1559347200,13888,1010
440,Team Fortress 2,1561939200,14206,868
440,Team Fortress 2,1564617600,2759,282
440,Team Fortress 2,1567296000,2260,207
440,Team Fortress 2,1569888000,5267,284
440,Team Fortress 2,1572566400,18939,584
440,Team Fortress 2,1575158400,12301,582
440,Team Fortress 2,1577836800,9421,525
440,Team Fortress 2,1580515200,7584,462
440,Team Fortress 2,1583020800,9813,535
440,Team Fortress 2,1585699200,12440,754
440,Team Fortress 2,1588291200,11792,709
440,Team Fortress 2,1590969600,10259,813
440,Team Fortress 2,1593561600,10372,725
440,Team Fortress 2,1596240000,11278,796
440,Team Fortress 2,1598918400,10150,671
440,Team Fortress 2,1601510400,10629,604
440,Team Fortress 2,1604188800,12624,651
440,Team Fortress 2,1606780800,11450,669
440,Team Fortress 2,1609459200,11503,812
440,Team Fortress 2,1612137600,9190,782
440,Team Fortress 2,1614556800,9415,794
440,Team Fortress 2,1617235200,8282,884
440,Team Fortress 2,1619827200,8301,1056
440,Team Fortress 2,1622505600,8417,903
440,Team Fortress 2,1625097600,9250,907
440,Team Fortress 2,1627776000,8752,859
440,Team Fortress 2,1630454400,7696,737
440,Team Fortress 2,1633046400,8316,667
440,Team Fortress 2,1635724800,10905,644
440,Team Fortress 2,1638316800,8010,597
440,Team Fortress 2,1640995200,7918,802
440,Team Fortress 2,1643673600,6790,722
440,Team Fortress 2,1646092800,7004,698
440,Team Fortress 2,1648771200,6124,668
440,Team Fortress 2,1651363200,6710,830
440,Team Fortress 2,1654041600,7575,822
440,Team Fortress 2,1656633600,8570,660
440,Team Fortress 2,1659312000,8254,618
440,Team Fortress 2,1661990400,7784,549
440,Team Fortress 2,1664582400,7551,497
440,Team Fortress 2,1667260800,16574,486
440,Team Fortress 2,1669852800,7780,467
440,Team Fortress 2,1672531200,7522,587
440,Team Fortress 2,1675209600,6198,563
440,Team Fortress 2,1677628800,6928,548
440,Team Fortress 2,1680307200,7544,530
440,Team Fortress 2,1682899200,7385,530
440,Team Fortress 2,1685577600,7483,492
440,Team Fortress 2,1688169600,11016,815
440,Team Fortress 2,1690848000,12289,900
440,Team Fortress 2,1693526400,9509,611
440,Team Fortress 2,1696118400,9070,558
440,Team Fortress 2,1698796800,12149,618
440,Team Fortress 2,1701388800,7990,546
440,Team Fortress 2,1704067200,7947,782
440,Team Fortress 2,1706745600,7377,615
440,Team Fortress 2,1709251200,6698,624
440,Team Fortress 2,1711929600,5791,607
440,Team Fortress 2,1714521600,5866,1774
440,Team Fortress 2,1717200000,6433,46096
440,Team Fortress 2,1719792000,9153,1199
440,Team Fortress 2,1722470400,7490,498
440,Team Fortress 2,1725148800,5644,380
440,Team Fortress 2,1727740800,5766,352
440,Team Fortress 2,1730419200,8964,410
440,Team Fortress 2,1733011200,9691,410
440,Team Fortress 2,1735689600,7386,453
440,Team Fortress 2,1738368000,7205,485
440,Team Fortress 2,1740787200,7296,428
440,Team Fortress 2,1743465600,5498,325
440,Team Fortress 2,1746057600,8613,351
440,Team Fortress 2,1748736000,7600,412
440,Team Fortress 2,1751328000,7818,450
440,Team Fortress 2,1754006400,7506,427
440,Team Fortress 2,1756684800,6783,344
440,Team Fortress 2,1759276800,6763,442
440,Team Fortress 2,1761955200,13910,407
440,Team Fortress 2,1764547200,7154,380
440,Team Fortress 2,1767225600,6917,431
440,Team Fortress 2,1769904000,6768,369
440,Team Fortress 2,1772323200,7273,423
440,Team Fortress 2,1775001600,7092,407
440,Team Fortress 2,1777593600,6688,499
440,Team Fortress 2,1780272000,7102,421
440,Team Fortress 2,1782864000,7050,492
440,Team Fortress 2,1785542400,6314,518
440,Team Fortress 2,1788220800,4555,382
2246340,Monster Hunter Wilds,1740700800,46587,31786
2246340,Monster Hunter Wilds,1741305600,14004,6147
2246340,Monster Hunter Wilds,1741910400,6614,3234
2246340,Monster Hunter Wilds,1742515200,4338,2824
2246340,Monster Hunter Wilds,1743120000,2815,1229
2246340,Monster Hunter Wilds,1743724800,3033,1958
2246340,Monster Hunter Wilds,1744329600,1558,804
2246340,Monster Hunter Wilds,1744934400,1158,624
2246340,Monster Hunter Wilds,1745539200,884,629
2246340,Monster Hunter Wilds,1746144000,655,590
2246340,Monster Hunter Wilds,1746748800,488,434
2246340,Monster Hunter Wilds,1747353600,359,550
2246340,Monster Hunter Wilds,1747958400,471,949
2246340,Monster Hunter Wilds,1748563200,376,1209
2246340,Monster Hunter Wilds,1749168000,353,1926
2246340,Monster Hunter Wilds,1749772800,305,2358
2246340,Monster Hunter Wilds,1750377600,636,4960
2246340,Monster Hunter Wilds,1750982400,926,6775
2246340,Monster Hunter Wilds,1751587200,644,4517
2246340,Monster Hunter Wilds,1752192000,421,2873
2246340,Monster Hunter Wilds,1752796800,375,1319
2246340,Monster Hunter Wilds,1753401600,343,1116
2246340,Monster Hunter Wilds,1754006400,298,758
2246340,Monster Hunter Wilds,1754611200,344,1149
2246340,Monster Hunter Wilds,1755216000,532,1137
2246340,Monster Hunter Wilds,1755820800,348,666
2246340,Monster Hunter Wilds,1756425600,236,353
2246340,Monster Hunter Wilds,1757030400,158,298
2246340,Monster Hunter Wilds,1757635200,133,251
2246340,Monster Hunter Wilds,1758240000,149,295
2246340,Monster Hunter Wilds,1758844800,471,2291
2246340,Monster Hunter Wilds,1759449600,522,1382
2246340,Monster Hunter Wilds,1760054400,307,544
2246340,Monster Hunter Wilds,1760659200,208,428
2246340,Monster Hunter Wilds,1761264000,244,361
2246340,Monster Hunter Wilds,1761868800,207,327
2246340,Monster Hunter Wilds,1762473600,215,289
2246340,Monster Hunter Wilds,1763078400,204,237
2246340,Monster Hunter Wilds,1763683200,1311,403
2246340,Monster Hunter Wilds,1764288000,894,302
2246340,Monster Hunter Wilds,1764892800,138,214
2246340,Monster Hunter Wilds,1765497600,483,858
2246340,Monster Hunter Wilds,1766102400,597,677
2246340,Monster Hunter Wilds,1766707200,545,499
2246340,Monster Hunter Wilds,1767312000,530,361
2246340,Monster Hunter Wilds,1767916800,321,309
2246340,Monster Hunter Wilds,1768521600,202,226
2246340,Monster Hunter Wilds,1769126400,445,175
2246340,Monster Hunter Wilds,1769731200,429,151
2246340,Monster Hunter Wilds,1770336000,238,121
2246340,Monster Hunter Wilds,1770940800,714,249
2246340,Monster Hunter Wilds,1771545600,888,384
2246340,Monster Hunter Wilds,1772150400,515,211
2246340,Monster Hunter Wilds,1772755200,398,171
2246340,Monster Hunter Wilds,1773360000,288,147
2246340,Monster Hunter Wilds,1773964800,263,134
2246340,Monster Hunter Wilds,1774569600,196,99
2246340,Monster Hunter Wilds,1775174400,387,157
2246340,Monster Hunter Wilds,1775779200,308,155
2246340,Monster Hunter Wilds,1776384000,221,157
2246340,Monster Hunter Wilds,1776988800,160,108
2246340,Monster Hunter Wilds,1777593600,161,85
2246340,Monster Hunter Wilds,1778198400,139,81
2246340,Monster Hunter Wilds,1778803200,118,85
2246340,Monster Hunter Wilds,1779408000,132,71
2246340,Monster Hunter Wilds,1780012800,99,73
2246340,Monster Hunter Wilds,1780617600,520,261
2246340,Monster Hunter Wilds,1781222400,531,283
2246340,Monster Hunter Wilds,1781827200,315,196
2246340,Monster Hunter Wilds,1782432000,436,221
2246340,Monster Hunter Wilds,1783036800,456,208
2246340,Monster Hunter Wilds,1783641600,362,178
2246340,Monster Hunter Wilds,1784246400,267,109
2246340,Monster Hunter Wilds,1784851200,307,149
2246340,Monster Hunter Wilds,1785456000,404,321
2246340,Monster Hunter Wilds,1786060800,312,243
2246340,Monster Hunter Wilds,1786665600,249,131
2246340,Monster Hunter Wilds,1787270400,166,126
2246340,Monster Hunter Wilds,1787875200,206,121
2246340,Monster Hunter Wilds,1788480000,320,143
2246340,Monster Hunter Wilds,1789084800,484,196
2246340,Monster Hunter Wilds,1789689600,438,182
2246340,Monster Hunter Wilds,1790294400,217,75
1285190,Borderlands 4,1757548800,17591,10412
1285190,Borderlands 4,1758153600,5169,3260
1285190,Borderlands 4,1758758400,2793,2310
1285190,Borderlands 4,1759363200,1417,1148
1285190,Borderlands 4,1759968000,814,774
1285190,Borderlands 4,1760572800,648,659
1285190,Borderlands 4,1761177600,450,540
1285190,Borderlands 4,1761782400,276,294
1285190,Borderlands 4,1762387200,200,232
1285190,Borderlands 4,1762992000,171,208
1285190,Borderlands 4,1763596800,700,229
1285190,Borderlands 4,1764201600,597,179
1285190,Borderlands 4,1764806400,120,120
1285190,Borderlands 4,1765411200,111,129
1285190,Borderlands 4,1766016000,116,116
1285190,Borderlands 4,1766620800,154,112
1285190,Borderlands 4,1767225600,118,116
1285190,Borderlands 4,1767830400,94,98
1285190,Borderlands 4,1768435200,78,92
1285190,Borderlands 4,1769040000,66,91
1285190,Borderlands 4,1769644800,65,106
1285190,Borderlands 4,1770249600,91,128
1285190,Borderlands 4,1770854400,89,99
1285190,Borderlands 4,1771459200,110,94
1285190,Borderlands 4,1772064000,108,171
1285190,Borderlands 4,1772668800,71,84
1285190,Borderlands 4,1773273600,74,65
1285190,Borderlands 4,1773878400,99,88
1285190,Borderlands 4,1774483200,168,282
1285190,Borderlands 4,1775088000,122,152
1285190,Borderlands 4,1775692800,90,104
1285190,Borderlands 4,1776297600,56,77
1285190,Borderlands 4,1776902400,56,57
1285190,Borderlands 4,1777507200,49,74
1285190,Borderlands 4,1778112000,39,64
1285190,Borderlands 4,1778716800,65,74
1285190,Borderlands 4,1779321600,90,93
1285190,Borderlands 4,1779926400,84,103
1285190,Borderlands 4,1780531200,50,73
1285190,Borderlands 4,1781136000,45,47
1285190,Borderlands 4,1781740800,53,42
1285190,Borderlands 4,1782345600,145,177
1285190,Borderlands 4,1782950400,202,198
1285190,Borderlands 4,1783555200,176,153
1285190,Borderlands 4,1784160000,135,138
1285190,Borderlands 4,1784764800,118,88
1285190,Borderlands 4,1785369600,115,126
1285190,Borderlands 4,1785974400,103,104
1285190,Borderlands 4,1786579200,70,61
1285190,Borderlands 4,1787184000,57,83
1285190,Borderlands 4,1787788800,48,60
1285190,Borderlands 4,1788393600,76,71
1285190,Borderlands 4,1788998400,272,300
1285190,Borderlands 4,1789603200,218,214
1285190,Borderlands 4,1790208000,114,103
1517290,Battlefield 2042,1635724800,21612,40065
1517290,Battlefield 2042,1638316800,7119,14760
1517290,Battlefield 2042,1640995200,2209,8134
1517290,Battlefield 2042,1643673600,824,5691
1517290,Battlefield 2042,1646092800,572,2520
1517290,Battlefield 2042,1648771200,445,1788
1517290,Battlefield 2042,1651363200,380,1079
1517290,Battlefield 2042,1654041600,1548,2402
1517290,Battlefield 2042,1656633600,1409,1270
1517290,Battlefield 2042,1659312000,1065,1061
1517290,Battlefield 2042,1661990400,1731,1463
1517290,Battlefield 2042,1664582400,1072,1351
1517290,Battlefield 2042,1667260800,2151,1535
1517290,Battlefield 2042,1669852800,3545,2025
1517290,Battlefield 2042,1672531200,2176,1573
1517290,Battlefield 2042,1675209600,1698,1213
1517290,Battlefield 2042,1677628800,3455,2597
1517290,Battlefield 2042,1680307200,1528,906
1517290,Battlefield 2042,1682899200,2358,1554
1517290,Battlefield 2042,1685577600,1721,1364
1517290,Battlefield 2042,1688169600,2468,1637
1517290,Battlefield 2042,1690848000,1807,1071
1517290,Battlefield 2042,1693526400,1020,736
1517290,Battlefield 2042,1696118400,9799,7330
1517290,Battlefield 2042,1698796800,6926,3558
1517290,Battlefield 2042,1701388800,3075,1727
1517290,Battlefield 2042,1704067200,2019,1149
1517290,Battlefield 2042,1706745600,2136,1147
1517290,Battlefield 2042,1709251200,3116,2251
1517290,Battlefield 2042,1711929600,1679,1338
1517290,Battlefield 2042,1714521600,2150,1591
1517290,Battlefield 2042,1717200000,1424,1091
1517290,Battlefield 2042,1719792000,3197,1962
1517290,Battlefield 2042,1722470400,1897,1210
1517290,Battlefield 2042,1725148800,1271,851
1517290,Battlefield 2042,1727740800,1257,778
1517290,Battlefield 2042,1730419200,4387,1955
1517290,Battlefield 2042,1733011200,2886,1236
1517290,Battlefield 2042,1735689600,1461,808
1517290,Battlefield 2042,1738368000,1171,683
1517290,Battlefield 2042,1740787200,1438,806
1517290,Battlefield 2042,1743465600,841,379
1517290,Battlefield 2042,1746057600,1361,1302
1517290,Battlefield 2042,1748736000,1014,2240
1517290,Battlefield 2042,1751328000,1358,1999
1517290,Battlefield 2042,1754006400,4249,5556
1517290,Battlefield 2042,1756684800,2230,2422
1517290,Battlefield 2042,1759276800,1254,843
1517290,Battlefield 2042,1761955200,1147,316
1517290,Battlefield 2042,1764547200,362,151
1517290,Battlefield 2042,1767225600,309,161
1517290,Battlefield 2042,1769904000,251,147
1517290,Battlefield 2042,1772323200,785,508
1517290,Battlefield 2042,1775001600,452,280
1517290,Battlefield 2042,1777593600,469,369
1517290,Battlefield 2042,1780272000,345,264
1517290,Battlefield 2042,1782864000,407,247
1517290,Battlefield 2042,1785542400,357,217
1517290,Battlefield 2042,1788220800,242,133
3159330,Assassin's Creed Shadows,1742428800,9017,2024
3159330,Assassin's Creed Shadows,1743033600,2482,691
3159330,Assassin's Creed Shadows,1743638400,1219,330
3159330,Assassin's Creed Shadows,1744243200,851,245
3159330,Assassin's Creed Shadows,1744848000,584,204
3159330,Assassin's Creed Shadows,1745452800,355,148
3159330,Assassin's Creed Shadows,1746057600,340,115
3159330,Assassin's Creed Shadows,1746662400,247,94
3159330,Assassin's Creed Shadows,1747267200,188,84
3159330,Assassin's Creed Shadows,1747872000,179,78
3159330,Assassin's Creed Shadows,1748476800,162,79
3159330,Assassin's Creed Shadows,1749081600,124,67
3159330,Assassin's Creed Shadows,1749686400,141,58
3159330,Assassin's Creed Shadows,1750291200,109,39
3159330,Assassin's Creed Shadows,1750896000,222,98
3159330,Assassin's Creed Shadows,1751500800,224,86
3159330,Assassin's Creed Shadows,1752105600,281,84
3159330,Assassin's Creed Shadows,1752710400,230,88
3159330,Assassin's Creed Shadows,1753315200,231,82
3159330,Assassin's Creed Shadows,1753920000,133,64
3159330,Assassin's Creed Shadows,1754524800,103,50
3159330,Assassin's Creed Shadows,1755129600,112,52
3159330,Assassin's Creed Shadows,1755734400,100,45
3159330,Assassin's Creed Shadows,1756339200,93,35
3159330,Assassin's Creed Shadows,1756944000,75,34
3159330,Assassin's Creed Shadows,1757548800,169,75
3159330,Assassin's Creed Shadows,1758153600,260,151
3159330,Assassin's Creed Shadows,1758758400,292,152
3159330,Assassin's Creed Shadows,1759363200,319,141
3159330,Assassin's Creed Shadows,1759968000,273,84
3159330,Assassin's Creed Shadows,1760572800,162,75
3159330,Assassin's Creed Shadows,1761177600,143,68
3159330,Assassin's Creed Shadows,1761782400,115,71
3159330,Assassin's Creed Shadows,1762387200,188,100
3159330,Assassin's Creed Shadows,1762992000,145,66
3159330,Assassin's Creed Shadows,1763596800,758,95
3159330,Assassin's Creed Shadows,1764201600,618,74
3159330,Assassin's Creed Shadows,1764806400,90,39
3159330,Assassin's Creed Shadows,1765411200,277,135
3159330,Assassin's Creed Shadows,1766016000,311,144
3159330,Assassin's Creed Shadows,1766620800,362,159
3159330,Assassin's Creed Shadows,1767225600,370,137
3159330,Assassin's Creed Shadows,1767830400,201,96
3159330,Assassin's Creed Shadows,1768435200,172,88
3159330,Assassin's Creed Shadows,1769040000,194,106
3159330,Assassin's Creed Shadows,1769644800,137,62
3159330,Assassin's Creed Shadows,1770249600,127,61
3159330,Assassin's Creed Shadows,1770854400,117,62
3159330,Assassin's Creed Shadows,1771459200,112,49
3159330,Assassin's Creed Shadows,1772064000,175,102
3159330,Assassin's Creed Shadows,1772668800,202,111
3159330,Assassin's Creed Shadows,1773273600,179,90
3159330,Assassin's Creed Shadows,1773878400,208,82
3159330,Assassin's Creed Shadows,1774483200,155,66
3159330,Assassin's Creed Shadows,1775088000,121,62
3159330,Assassin's Creed Shadows,1775692800,102,47
3159330,Assassin's Creed Shadows,1776297600,98,28
3159330,Assassin's Creed Shadows,1776902400,99,37
3159330,Assassin's Creed Shadows,1777507200,65,34
3159330,Assassin's Creed Shadows,1778112000,60,33
3159330,Assassin's Creed Shadows,1778716800,50,35
3159330,Assassin's Creed Shadows,1779321600,69,45
3159330,Assassin's Creed Shadows,1779926400,140,68
3159330,Assassin's Creed Shadows,1780531200,152,88
3159330,Assassin's Creed Shadows,1781136000,123,64
3159330,Assassin's Creed Shadows,1781740800,90,53
3159330,Assassin's Creed Shadows,1782345600,134,71
3159330,Assassin's Creed Shadows,1782950400,140,82
3159330,Assassin's Creed Shadows,1783555200,162,99
3159330,Assassin's Creed Shadows,1784160000,176,115
3159330,Assassin's Creed Shadows,1784764800,169,78
3159330,Assassin's Creed Shadows,1785369600,100,72
3159330,Assassin's Creed Shadows,1785974400,114,47
3159330,Assassin's Creed Shadows,1786579200,67,36
3159330,Assassin's Creed Shadows,1787184000,70,35
3159330,Assassin's Creed Shadows,1787788800,72,49
3159330,Assassin's Creed Shadows,1788393600,54,46
3159330,Assassin's Creed Shadows,1788998400,42,36
3159330,Assassin's Creed Shadows,1789603200,104,107
3159330,Assassin's Creed Shadows,1790208000,96,80
1771300,Kingdom Come Deliverance II,1738627200,19584,2162
1771300,Kingdom Come Deliverance II,1739232000,12276,1036
1771300,Kingdom Come Deliverance II,1739836800,9826,692
1771300,Kingdom Come Deliverance II,1740441600,6172,462
1771300,Kingdom Come Deliverance II,1741046400,5206,307
1771300,Kingdom Come Deliverance II,1741651200,4561,355
1771300,Kingdom Come Deliverance II,1742256000,2738,237
1771300,Kingdom Come Deliverance II,1742860800,1991,123
1771300,Kingdom Come Deliverance II,1743465600,1446,100
1771300,Kingdom Come Deliverance II,1744070400,1191,80
1771300,Kingdom Come Deliverance II,1744675200,1222,88
1771300,Kingdom Come Deliverance II,1745280000,918,82
1771300,Kingdom Come Deliverance II,1745884800,761,77
1771300,Kingdom Come Deliverance II,1746489600,759,71
1771300,Kingdom Come Deliverance II,1747094400,1094,98
1771300,Kingdom Come Deliverance II,1747699200,782,105
1771300,Kingdom Come Deliverance II,1748304000,597,65
1771300,Kingdom Come Deliverance II,1748908800,604,51
1771300,Kingdom Come Deliverance II,1749513600,431,29
1771300,Kingdom Come Deliverance II,1750118400,612,64
1771300,Kingdom Come Deliverance II,1750723200,586,67
1771300,Kingdom Come Deliverance II,1751328000,646,79
1771300,Kingdom Come Deliverance II,1751932800,615,55
1771300,Kingdom Come Deliverance II,1752537600,602,45
1771300,Kingdom Come Deliverance II,1753142400,571,60
1771300,Kingdom Come Deliverance II,1753747200,671,96
1771300,Kingdom Come Deliverance II,1754352000,555,57
1771300,Kingdom Come Deliverance II,1754956800,478,53
1771300,Kingdom Come Deliverance II,1755561600,534,44
1771300,Kingdom Come Deliverance II,1756166400,442,40
1771300,Kingdom Come Deliverance II,1756771200,599,70
1771300,Kingdom Come Deliverance II,1757376000,961,105
1771300,Kingdom Come Deliverance II,1757980800,786,76
1771300,Kingdom Come Deliverance II,1758585600,656,53
1771300,Kingdom Come Deliverance II,1759190400,596,72
1771300,Kingdom Come Deliverance II,1759795200,641,57
1771300,Kingdom Come Deliverance II,1760400000,497,50
1771300,Kingdom Come Deliverance II,1761004800,495,26
1771300,Kingdom Come Deliverance II,1761609600,449,26
1771300,Kingdom Come Deliverance II,1762214400,769,80
1771300,Kingdom Come Deliverance II,1762819200,1648,193
1771300,Kingdom Come Deliverance II,1763424000,2507,104
1771300,Kingdom Come Deliverance II,1764028800,12764,89
1771300,Kingdom Come Deliverance II,1764633600,902,50
1771300,Kingdom Come Deliverance II,1765238400,1255,95
1771300,Kingdom Come Deliverance II,1765843200,1505,260
1771300,Kingdom Come Deliverance II,1766448000,1657,282
1771300,Kingdom Come Deliverance II,1767052800,2001,257
1771300,Kingdom Come Deliverance II,1767657600,1547,165
1771300,Kingdom Come Deliverance II,1768262400,1216,129
1771300,Kingdom Come Deliverance II,1768867200,1385,192
1771300,Kingdom Come Deliverance II,1769472000,1164,105
1771300,Kingdom Come Deliverance II,1770076800,995,73
1771300,Kingdom Come Deliverance II,1770681600,847,57
1771300,Kingdom Come Deliverance II,1771286400,874,77
1771300,Kingdom Come Deliverance II,1771891200,1039,131
1771300,Kingdom Come Deliverance II,1772496000,890,126
1771300,Kingdom Come Deliverance II,1773100800,769,67
1771300,Kingdom Come Deliverance II,1773705600,857,89
1771300,Kingdom Come Deliverance II,1774310400,869,234
1771300,Kingdom Come Deliverance II,1774915200,723,106
1771300,Kingdom Come Deliverance II,1775520000,611,58
1771300,Kingdom Come Deliverance II,1776124800,519,46
1771300,Kingdom Come Deliverance II,1776729600,687,89
1771300,Kingdom Come Deliverance II,1777334400,597,70
1771300,Kingdom Come Deliverance II,1777939200,483,54
1771300,Kingdom Come Deliverance II,1778544000,530,81
1771300,Kingdom Come Deliverance II,1779148800,493,47
1771300,Kingdom Come Deliverance II,1779753600,534,55
1771300,Kingdom Come Deliverance II,1780358400,545,78
1771300,Kingdom Come Deliverance II,1780963200,516,52
1771300,Kingdom Come Deliverance II,1781568000,480,43
1771300,Kingdom Come Deliverance II,1782172800,595,72
1771300,Kingdom Come Deliverance II,1782777600,715,132
1771300,Kingdom Come Deliverance II,1783382400,839,118
1771300,Kingdom Come Deliverance II,1783987200,770,99
1771300,Kingdom Come Deliverance II,1784592000,604,79
1771300,Kingdom Come Deliverance II,1785196800,559,63
1771300,Kingdom Come Deliverance II,1785801600,517,52
1771300,Kingdom Come Deliverance II,1786406400,474,36
1771300,Kingdom Come Deliverance II,1787011200,618,88
1771300,Kingdom Come Deliverance II,1787616000,672,84
1771300,Kingdom Come Deliverance II,1788220800,544,49
1771300,Kingdom Come Deliverance II,1788825600,453,41
1771300,Kingdom Come Deliverance II,1789430400,401,32
1771300,Kingdom Come Deliverance II,1790035200,421,57
1091500,Cyberpunk 2077,1606780800,227472,63333
1091500,Cyberpunk 2077,1609459200,30673,9881
1091500,Cyberpunk 2077,1612137600,7848,3481
1091500,Cyberpunk 2077,1614556800,5513,3805
1091500,Cyberpunk 2077,1617235200,5177,2442
1091500,Cyberpunk 2077,1619827200,3936,2043
1091500,Cyberpunk 2077,1622505600,3444,2048
1091500,Cyberpunk 2077,1625097600,3559,1583
1091500,Cyberpunk 2077,1627776000,3713,1833
1091500,Cyberpunk 2077,1630454400,3439,1308
1091500,Cyberpunk 2077,1633046400,2537,941
1091500,Cyberpunk 2077,1635724800,22124,4306
1091500,Cyberpunk 2077,1638316800,8281,2956
1091500,Cyberpunk 2077,1640995200,5386,1620
1091500,Cyberpunk 2077,1643673600,7466,2410
1091500,Cyberpunk 2077,1646092800,5293,5142
1091500,Cyberpunk 2077,1648771200,3155,687
1091500,Cyberpunk 2077,1651363200,3109,545
1091500,Cyberpunk 2077,1654041600,2832,655
1091500,Cyberpunk 2077,1656633600,3356,649
1091500,Cyberpunk 2077,1659312000,3206,553
1091500,Cyberpunk 2077,1661990400,13058,1955
1091500,Cyberpunk 2077,1664582400,12220,1406
1091500,Cyberpunk 2077,1667260800,14795,1214
1091500,Cyberpunk 2077,1669852800,9982,1158
1091500,Cyberpunk 2077,1672531200,10445,1612
1091500,Cyberpunk 2077,1675209600,4942,904
1091500,Cyberpunk 2077,1677628800,4659,652
1091500,Cyberpunk 2077,1680307200,5627,1431
1091500,Cyberpunk 2077,1682899200,3622,559
1091500,Cyberpunk 2077,1685577600,5250,1040
1091500,Cyberpunk 2077,1688169600,6616,848
1091500,Cyberpunk 2077,1690848000,6129,712
1091500,Cyberpunk 2077,1693526400,15504,2438
1091500,Cyberpunk 2077,1696118400,19547,2195
1091500,Cyberpunk 2077,1698796800,9705,841
1091500,Cyberpunk 2077,1701388800,14012,1322
1091500,Cyberpunk 2077,1704067200,10317,780
1091500,Cyberpunk 2077,1706745600,8055,719
1091500,Cyberpunk 2077,1709251200,7616,611
1091500,Cyberpunk 2077,1711929600,6628,464
1091500,Cyberpunk 2077,1714521600,8090,487
1091500,Cyberpunk 2077,1717200000,5984,342
1091500,Cyberpunk 2077,1719792000,7733,861
1091500,Cyberpunk 2077,1722470400,6835,456
1091500,Cyberpunk 2077,1725148800,7242,467
1091500,Cyberpunk 2077,1727740800,6435,343
1091500,Cyberpunk 2077,1730419200,7333,417
1091500,Cyberpunk 2077,1733011200,12369,758
1091500,Cyberpunk 2077,1735689600,11997,628
1091500,Cyberpunk 2077,1738368000,8082,377
1091500,Cyberpunk 2077,1740787200,8862,489
1091500,Cyberpunk 2077,1743465600,6308,295
1091500,Cyberpunk 2077,1746057600,7419,500
1091500,Cyberpunk 2077,1748736000,7342,408
1091500,Cyberpunk 2077,1751328000,12930,787
1091500,Cyberpunk 2077,1754006400,11867,799
1091500,Cyberpunk 2077,1756684800,7961,531
1091500,Cyberpunk 2077,1759276800,8210,503
1091500,Cyberpunk 2077,1761955200,6003,367
1091500,Cyberpunk 2077,1764547200,11035,672
1091500,Cyberpunk 2077,1767225600,9483,602
1091500,Cyberpunk 2077,1769904000,6285,366
1091500,Cyberpunk 2077,1772323200,7041,407
1091500,Cyberpunk 2077,1775001600,6805,388
1091500,Cyberpunk 2077,1777593600,6721,398
1091500,Cyberpunk 2077,1780272000,8941,602
1091500,Cyberpunk 2077,1782864000,14495,772
1091500,Cyberpunk 2077,1785542400,11473,655
1091500,Cyberpunk 2077,1788220800,5515,324
275850,No Man's Sky,1470009600,22057,24935
275850,No Man's Sky,1472688000,1891,4253
275850,No Man's Sky,1475280000,1237,2686
275850,No Man's Sky,1477958400,2015,2307
275850,No Man's Sky,1480550400,907,469
275850,No Man's Sky,1483228800,375,289
275850,No Man's Sky,1485907200,228,201
275850,No Man's Sky,1488326400,1066,505
275850,No Man's Sky,1491004800,190,89
275850,No Man's Sky,1493596800,144,123
275850,No Man's Sky,1496275200,384,234
275850,No Man's Sky,1498867200,375,180
275850,No Man's Sky,1501545600,3125,590
275850,No Man's Sky,1504224000,451,93
275850,No Man's Sky,1506816000,252,94
275850,No Man's Sky,1509494400,954,192
275850,No Man's Sky,1512086400,268,127
275850,No Man's Sky,1514764800,223,92
275850,No Man's Sky,1517443200,157,89
275850,No Man's Sky,1519862400,121,70
275850,No Man's Sky,1522540800,130,51
275850,No Man's Sky,1525132800,182,52
275850,No Man's Sky,1527811200,249,99
275850,No Man's Sky,1530403200,7055,1335
275850,No Man's Sky,1533081600,4149,1368
275850,No Man's Sky,1535760000,420,195
275850,No Man's Sky,1538352000,332,127
275850,No Man's Sky,1541030400,3506,202
275850,No Man's Sky,1543622400,980,259
275850,No Man's Sky,1546300800,376,131
275850,No Man's Sky,1548979200,289,99
275850,No Man's Sky,1551398400,368,108
275850,No Man's Sky,1554076800,331,93
275850,No Man's Sky,1556668800,392,107
275850,No Man's Sky,1559347200,1126,141
275850,No Man's Sky,1561939200,1502,222
275850,No Man's Sky,1564617600,3369,1593
275850,No Man's Sky,1567296000,605,228
275850,No Man's Sky,1569888000,597,169
275850,No Man's Sky,1572566400,2939,155
275850,No Man's Sky,1575158400,2962,226
275850,No Man's Sky,1577836800,2195,185
275850,No Man's Sky,1580515200,2232,229
275850,No Man's Sky,1583020800,1469,174
275850,No Man's Sky,1585699200,3405,391
275850,No Man's Sky,1588291200,1420,189
275850,No Man's Sky,1590969600,1971,265
275850,No Man's Sky,1593561600,2987,300
275850,No Man's Sky,1596240000,1312,155
275850,No Man's Sky,1598918400,2656,279
275850,No Man's Sky,1601510400,2702,304
275850,No Man's Sky,1604188800,3950,224
275850,No Man's Sky,1606780800,2137,221
275850,No Man's Sky,1609459200,1844,176
275850,No Man's Sky,1612137600,1924,263
275850,No Man's Sky,1614556800,1419,155
275850,No Man's Sky,1617235200,2426,358
275850,No Man's Sky,1619827200,1371,200
275850,No Man's Sky,1622505600,2774,282
275850,No Man's Sky,1625097600,1757,218
275850,No Man's Sky,1627776000,1609,134
275850,No Man's Sky,1630454400,5817,594
275850,No Man's Sky,1633046400,1827,231
275850,No Man's Sky,1635724800,3210,169
275850,No Man's Sky,1638316800,1690,224
275850,No Man's Sky,1640995200,1197,154
275850,No Man's Sky,1643673600,1437,198
275850,No Man's Sky,1646092800,934,118
275850,No Man's Sky,1648771200,2613,366
275850,No Man's Sky,1651363200,2210,274
275850,No Man's Sky,1654041600,2217,310
275850,No Man's Sky,1656633600,3180,361
275850,No Man's Sky,1659312000,2249,230
275850,No Man's Sky,1661990400,1192,100
275850,No Man's Sky,1664582400,1944,763
275850,No Man's Sky,1667260800,3019,158
275850,No Man's Sky,1669852800,1547,193
275850,No Man's Sky,1672531200,1141,135
275850,No Man's Sky,1675209600,940,235
275850,No Man's Sky,1677628800,1338,245
275850,No Man's Sky,1680307200,1864,312
275850,No Man's Sky,1682899200,804,129
275850,No Man's Sky,1685577600,1904,300
275850,No Man's Sky,1688169600,1318,212
275850,No Man's Sky,1690848000,1415,194
275850,No Man's Sky,1693526400,3847,310
275850,No Man's Sky,1696118400,2005,265
275850,No Man's Sky,1698796800,3690,141
275850,No Man's Sky,1701388800,1899,207
275850,No Man's Sky,1704067200,1126,115
275850,No Man's Sky,1706745600,1565,141
275850,No Man's Sky,1709251200,1686,154
275850,No Man's Sky,1711929600,2712,164
275850,No Man's Sky,1714521600,1109,98
275850,No Man's Sky,1717200000,1366,142
275850,No Man's Sky,1719792000,6807,588
275850,No Man's Sky,1722470400,3397,280
275850,No Man's Sky,1725148800,3319,373
275850,No Man's Sky,1727740800,1638,234
275850,No Man's Sky,1730419200,5761,177
275850,No Man's Sky,1733011200,5659,277
275850,No Man's Sky,1735689600,2151,200
275850,No Man's Sky,1738368000,3887,431
275850,No Man's Sky,1740787200,2104,213
275850,No Man's Sky,1743465600,1459,181
275850,No Man's Sky,1746057600,1020,120
275850,No Man's Sky,1748736000,2360,232
275850,No Man's Sky,1751328000,1897,202
275850,No Man's Sky,1754006400,3108,302
275850,No Man's Sky,1756684800,7882,881
275850,No Man's Sky,1759276800,3575,407
275850,No Man's Sky,1761955200,7839,242
275850,No Man's Sky,1764547200,3053,331
275850,No Man's Sky,1767225600,1862,216
275850,No Man's Sky,1769904000,2484,285
275850,No Man's Sky,1772323200,1577,213
275850,No Man's Sky,1775001600,2496,244
275850,No Man's Sky,1777593600,1688,205
275850,No Man's Sky,1780272000,2099,223
275850,No Man's Sky,1782864000,1688,175
275850,No Man's Sky,1785542400,1439,129
275850,No Man's Sky,1788220800,4626,439
1151340,Fallout 76,1585699200,2422,652
1151340,Fallout 76,1588291200,2153,507
1151340,Fallout 76,1590969600,1064,366
1151340,Fallout 76,1593561600,1295,470
1151340,Fallout 76,1596240000,1010,424
1151340,Fallout 76,1598918400,520,213
1151340,Fallout 76,1601510400,899,321
1151340,Fallout 76,1604188800,2867,442
1151340,Fallout 76,1606780800,1332,430
1151340,Fallout 76,1609459200,1117,344
1151340,Fallout 76,1612137600,648,186
1151340,Fallout 76,1614556800,497,154
1151340,Fallout 76,1617235200,511,116
1151340,Fallout 76,1619827200,435,124
1151340,Fallout 76,1622505600,1362,439
1151340,Fallout 76,1625097600,1253,476
1151340,Fallout 76,1627776000,1177,452
1151340,Fallout 76,1630454400,923,610
1151340,Fallout 76,1633046400,1177,427
1151340,Fallout 76,1635724800,1258,312
1151340,Fallout 76,1638316800,967,316
1151340,Fallout 76,1640995200,910,351
1151340,Fallout 76,1643673600,593,219
1151340,Fallout 76,1646092800,452,170
1151340,Fallout 76,1648771200,302,110
1151340,Fallout 76,1651363200,404,154
1151340,Fallout 76,1654041600,587,223
1151340,Fallout 76,1656633600,663,246
1151340,Fallout 76,1659312000,516,203
1151340,Fallout 76,1661990400,522,231
1151340,Fallout 76,1664582400,790,336
1151340,Fallout 76,1667260800,746,212
1151340,Fallout 76,1669852800,584,218
1151340,Fallout 76,1672531200,781,275
1151340,Fallout 76,1675209600,419,156
1151340,Fallout 76,1677628800,521,209
1151340,Fallout 76,1680307200,352,152
1151340,Fallout 76,1682899200,254,131
1151340,Fallout 76,1685577600,390,137
1151340,Fallout 76,1688169600,845,273
1151340,Fallout 76,1690848000,770,280
1151340,Fallout 76,1693526400,369,116
1151340,Fallout 76,1696118400,493,184
1151340,Fallout 76,1698796800,965,233
1151340,Fallout 76,1701388800,734,318
1151340,Fallout 76,1704067200,597,206
1151340,Fallout 76,1706745600,423,203
1151340,Fallout 76,1709251200,498,210
1151340,Fallout 76,1711929600,2954,1076
1151340,Fallout 76,1714521600,2121,584
1151340,Fallout 76,1717200000,1055,363
1151340,Fallout 76,1719792000,955,431
1151340,Fallout 76,1722470400,557,255
1151340,Fallout 76,1725148800,457,176
1151340,Fallout 76,1727740800,407,229
1151340,Fallout 76,1730419200,921,176
1151340,Fallout 76,1733011200,760,234
1151340,Fallout 76,1735689600,387,169
1151340,Fallout 76,1738368000,273,111
1151340,Fallout 76,1740787200,475,190
1151340,Fallout 76,1743465600,340,166
1151340,Fallout 76,1746057600,274,129
1151340,Fallout 76,1748736000,330,174
1151340,Fallout 76,1751328000,409,157
1151340,Fallout 76,1754006400,454,210
1151340,Fallout 76,1756684800,331,259
1151340,Fallout 76,1759276800,660,302
1151340,Fallout 76,1761955200,988,211
1151340,Fallout 76,1764547200,986,647
1151340,Fallout 76,1767225600,1312,814
1151340,Fallout 76,1769904000,1088,548
1151340,Fallout 76,1772323200,631,330
1151340,Fallout 76,1775001600,357,181
1151340,Fallout 76,1777593600,256,171
1151340,Fallout 76,1780272000,299,173
1151340,Fallout 76,1782864000,358,186
1151340,Fallout 76,1785542400,372,162
1151340,Fallout 76,1788220800,249,94
