"game","reviews","text_ok","sample_neg","median_words","median_playtime_h","true_neg_share"
"Overwatch 2",1972,1690,0.776369168356998,52,7.625,0.589737446457894
"Borderlands 4",1979,1834,0.747852450732693,68,23.3333333333333,0.406963839056469
"Cities Skylines II",1972,1782,0.725659229208925,71,32.3666666666667,0.439463035519301
"Battlefield 2042",1971,1736,0.701674277016743,64,19.7333333333333,0.552880249183773
"Redfall",1723,1629,0.690655832849681,64,4.56666666666667,0.612105434428897
"Diablo IV",1937,1720,0.660299432111513,64,19.6333333333333,0.318741196530506
"Starfield",1977,1853,0.644410723318159,102,58.7166666666667,0.438416890982503
"Payday 3",1966,1795,0.64292980671414,77,15.7666666666667,0.553300468919081
"Suicide Squad KTJL",1902,1747,0.624079915878023,61,12.7166666666667,0.377709554377151
"Monster Hunter Wilds",1990,1731,0.591457286432161,68,59.8583333333333,0.31542631838344
"Helldivers 2",1990,1688,0.558793969849246,63,135.141666666667,0.195502198954661
"Assassin's Creed Shadows",1921,1764,0.553878188443519,74,28.4166666666667,0.233688776432315
"Fallout 76",1979,1806,0.493178372915614,78,82.2666666666667,0.2778415751573
"Counter-Strike 2",1957,1596,0.394992335206949,45,608.65,0.140535412582794
"Skull and Bones",1670,1496,0.374251497005988,52,15.4666666666667,0.320016820857864
"Hogwarts Legacy",1989,1745,0.308697838109603,81,35.05,0.0905338470005504
"Team Fortress 2",1970,1629,0.257868020304569,49,464.466666666667,0.0997902864111517
"No Man's Sky",1192,995,0.175335570469799,74.5,63.575,0.164278147379126
"Cyberpunk 2077",1981,1713,0.175164058556285,103,64.7666666666667,0.1101229900448
"Kingdom Come Deliverance II",1977,1740,0.105715730905412,60,84.05,0.0708289611752361
"Elden Ring",1983,1680,0.0902672718103883,70,91.5666666666667,0.0609137321730385
"Palworld",1986,1729,0.0876132930513595,60,46.15,0.042421858887967
"Baldur's Gate 3",1991,1720,0.0693119035660472,66,90.8,0.0318956100495512
"Ghost of Tsushima",1971,1661,0.0624048706240487,45,40.8,0.060734035300356
