"game","term","tfidf","word"
"Assassin's Creed Shadows","naoe",0.0236610121965026,"naoe"
"Assassin's Creed Shadows","yasuk",0.0145226612695911,"yasuke"
"Assassin's Creed Shadows","valhalla",0.00335116353717157,"valhalla"
"Assassin's Creed Shadows","japan",0.00290054022390509,"japan"
"Assassin's Creed Shadows","odyssey",0.00255445303809824,"odyssey"
"Assassin's Creed Shadows","samurai",0.00222668185316992,"samurai"
"Assassin's Creed Shadows","japanes",0.00186227866648452,"japanese"
"Assassin's Creed Shadows","stealth",0.00178711426356477,"stealth"
"Baldur's Gate 3","larian",0.00749551066309251,"larian"
"Baldur's Gate 3","dnd",0.00421644586299277,"dnd"
"Baldur's Gate 3","divin",0.00139348632252105,"divinity"
"Baldur's Gate 3","romanc",0.000891356361466276,"romance"
"Baldur's Gate 3","rpgs",0.000717525904910501,"rpgs"
"Baldur's Gate 3","companion",0.000525878460670433,"companions"
"Baldur's Gate 3","dice",0.000468085568868653,"dice"
"Baldur's Gate 3","dungeon",0.000362239100328643,"dungeons"
"Battlefield 2042","vehicl",0.00373248720730984,"vehicles"
"Battlefield 2042","specialist",0.00268202177024075,"specialist"
"Battlefield 2042","dice",0.00144492779597897,"dice"
"Battlefield 2042","portal",0.00108140331943665,"portal"
"Battlefield 2042","gunplay",0.000584677118514192,"gunplay"
"Battlefield 2042","ammo",0.000353124498767928,"ammo"
"Battlefield 2042","sniper",0.000353124498767928,"sniper"
"Battlefield 2042","lobbi",0.000348701898667794,"lobby"
"Borderlands 4","randi",0.0070285101227182,"randy"
"Borderlands 4","gearbox",0.00643115759403795,"gearbox"
"Borderlands 4","vault",0.00136100902558388,"vault"
"Borderlands 4","shader",0.000946035491497904,"shaders"
"Borderlands 4","gunplay",0.000634934350842244,"gunplay"
"Borderlands 4","vehicl",0.000469198631593492,"vehicles"
"Borderlands 4","dlss",0.000425273915534719,"dlss"
"Borderlands 4","looter",0.000290137582973308,"looter"
"Cities Skylines II","paradox",0.00357745049103674,"paradox"
"Cities Skylines II","traffic",0.00278386112154619,"traffic"
"Cities Skylines II","builder",0.00130375396416304,"builder"
"Cities Skylines II","workshop",0.00106441748765002,"workshop"
"Cities Skylines II","citizen",0.000333950466254225,"citizen"
"Cities Skylines II","dlcs",0.000327847662282841,"dlcs"
"Cities Skylines II","vehicl",0.000304181342892026,"vehicles"
"Cities Skylines II","modder",0.000240889557320817,"modders"
"Counter-Strike 2","counterstrik",0.0107774851425067,"counterstrike"
"Counter-Strike 2","cheater",0.00464304670180435,"cheaters"
"Counter-Strike 2","russian",0.00223001478579711,"russian"
"Counter-Strike 2","anticheat",0.00186633646221938,"anticheat"
"Counter-Strike 2","hacker",0.00178762201021826,"hackers"
"Counter-Strike 2","valv",0.00154183204352765,"valve"
"Counter-Strike 2","matchmak",0.00124300598559979,"matchmaking"
"Counter-Strike 2","teammat",0.000862280101763665,"teammates"
"Cyberpunk 2077","cdpr",0.00261295354197036,"cdpr"
"Cyberpunk 2077","witcher",0.000913237801879323,"witcher"
"Cyberpunk 2077","polic",0.000750821790314989,"police"
"Cyberpunk 2077","vehicl",0.000699948173696257,"vehicles"
"Cyberpunk 2077","liberti",0.000459114086190698,"liberty"
"Cyberpunk 2077","stealth",0.000387709302007643,"stealth"
"Cyberpunk 2077","romanc",0.000336978241492167,"romance"
"Cyberpunk 2077","samurai",0.000318463711249242,"samurai"
"Diablo IV","blizzard",0.00304615241970471,"blizzard"
"Diablo IV","arpg",0.00154113556162817,"arpg"
"Diablo IV","dungeon",0.000792466539251849,"dungeons"
"Diablo IV","potion",0.000408614919770556,"potions"
"Diablo IV","endgam",0.000369385739046868,"endgame"
"Diablo IV","battlepass",0.000300457943285549,"battlepass"
"Diablo IV","mob",0.000209079263807893,"mobs"
"Diablo IV","monster",0.000195502688235952,"monster"
"Elden Ring","fromsoftwar",0.00321812199038491,"fromsoftware"
"Elden Ring","dungeon",0.000714777464073841,"dungeons"
"Elden Ring","summon",0.000470004522033836,"summon"
"Elden Ring","openworld",0.000439112435267206,"openworld"
"Elden Ring","weapon",0.000193803851083674,"weapons"
"Elden Ring","castl",0.000187149493094574,"castle"
"Elden Ring","combat",0.000180811414139518,"combat"
"Elden Ring","goti",0.000160831595628149,"goty"
"Fallout 76","bethesda",0.00203662015626965,"bethesda"
"Fallout 76","wasteland",0.0010045874295929,"wastelanders"
"Fallout 76","subscript",0.000872232443813456,"subscription"
"Fallout 76","camp",0.000458689630821811,"camp"
"Fallout 76","vault",0.000443633422402729,"vault"
"Fallout 76","ammo",0.000390988742792934,"ammo"
"Fallout 76","npcs",0.000315138841713762,"npcs"
"Fallout 76","storag",0.000287101578216097,"storage"
"Ghost of Tsushima","samurai",0.00872616162418637,"samurai"
"Ghost of Tsushima","japanes",0.00243659224440267,"japanese"
"Ghost of Tsushima","psn",0.00213747023574953,"psn"
"Ghost of Tsushima","japan",0.00179598583272873,"japan"
"Ghost of Tsushima","soni",0.000921860799033341,"sony"
"Ghost of Tsushima","stealth",0.000774359500399405,"stealth"
"Ghost of Tsushima","duel",0.000549718928637951,"duels"
"Ghost of Tsushima","combat",0.000519962361416605,"combat"
"Helldivers 2","arrowhead",0.0233606460993466,"arrowhead"
"Helldivers 2","warbond",0.0123963472484343,"warbonds"
"Helldivers 2","psn",0.00309603952910748,"psn"
"Helldivers 2","soni",0.00144029739805594,"sony"
"Helldivers 2","nerf",0.000796031760625209,"nerf"
"Helldivers 2","weapon",0.000392545945954673,"weapons"
"Helldivers 2","vehicl",0.000338869426354503,"vehicles"
"Helldivers 2","anticheat",0.00031278592698939,"anticheat"
"Hogwarts Legacy","potter",0.0123376785939979,"potter"
"Hogwarts Legacy","harri",0.00973005665443956,"harry"
"Hogwarts Legacy","wizard",0.00235315068877324,"wizard"
"Hogwarts Legacy","student",0.0021086235809793,"student"
"Hogwarts Legacy","potion",0.00204334993715362,"potions"
"Hogwarts Legacy","castl",0.00114144195768269,"castle"
"Hogwarts Legacy","spell",0.000588368783452093,"spells"
"Hogwarts Legacy","combat",0.000262966266604164,"combat"
"Kingdom Come Deliverance II","warhors",0.0118119204528995,"warhorse"
"Kingdom Come Deliverance II","henri",0.00946920385448155,"henry"
"Kingdom Come Deliverance II","mediev",0.00219539331289725,"medieval"
"Kingdom Come Deliverance II","potion",0.00109631896837712,"potions"
"Kingdom Come Deliverance II","rpgs",0.000884881651092265,"rpgs"
"Kingdom Come Deliverance II","romanc",0.000656409427137874,"romance"
"Kingdom Come Deliverance II","stealth",0.000386681264331094,"stealth"
"Kingdom Come Deliverance II","combat",0.000384837203847979,"combat"
"Monster Hunter Wilds","capcom",0.0111495162596297,"capcom"
"Monster Hunter Wilds","monster",0.00223154962226258,"monster"
"Monster Hunter Wilds","potion",0.000329120097434618,"potions"
"Monster Hunter Wilds","lobbi",0.000320109127018784,"lobby"
"Monster Hunter Wilds","weapon",0.000304541069186375,"weapons"
"Monster Hunter Wilds","endgam",0.000257162596746733,"endgame"
"Monster Hunter Wilds","cutscen",0.000205730077397386,"cutscenes"
"Monster Hunter Wilds","blade",0.000201146797188133,"blade"
"No Man's Sky","planet",0.00304194255939892,"planets"
"No Man's Sky","galaxi",0.00160498553111625,"galaxy"
"No Man's Sky","procedur",0.000709451196944812,"procedural"
"No Man's Sky","hello",0.00038828558486271,"hello"
"No Man's Sky","station",0.000370944219394694,"stations"
"No Man's Sky","creatur",0.000311593144291543,"creatures"
"No Man's Sky","settlement",0.000304026145579069,"settlement"
"No Man's Sky","vehicl",0.000299625241767485,"vehicles"
"Overwatch 2","blizzard",0.00415646732457151,"blizzard"
"Overwatch 2","pve",0.00178149590076949,"pve"
"Overwatch 2","battlepass",0.0011197258069602,"battlepass"
"Overwatch 2","matchmak",0.000782274193903699,"matchmaking"
"Overwatch 2","teammat",0.0003352227165213,"teammates"
"Overwatch 2","queue",0.000281657726632149,"queue"
"Overwatch 2","paywal",0.00027700863506972,"paywall"
"Overwatch 2","ban",0.000194650058326745,"banned"
"Palworld","pal",0.00903585041654128,"pals"
"Palworld","pokemon",0.00657368183635507,"pokemon"
"Palworld","nintendo",0.00136427591716526,"nintendo"
"Palworld","creatur",0.000701528666038865,"creatures"
"Palworld","dungeon",0.000343083600687294,"dungeons"
"Palworld","cute",0.000205818894384298,"cute"
"Palworld","monster",0.000194497249051353,"monster"
"Palworld","japanes",0.000177294165052599,"japanese"
"Payday 3","heist",0.0198932615311397,"heist"
"Payday 3","starbreez",0.00736075428431113,"starbreeze"
"Payday 3","matchmak",0.00286809370168724,"matchmaking"
"Payday 3","stealth",0.0020395724111484,"stealth"
"Payday 3","lobbi",0.0012744128742182,"lobby"
"Payday 3","gunplay",0.00057348045392777,"gunplay"
"Payday 3","weapon",0.000363822103920785,"weapons"
"Payday 3","ammo",0.000260738512278366,"ammo"
"Redfall","arkan",0.0236962794733514,"arkane"
"Redfall","vampir",0.00565600895663816,"vampires"
"Redfall","gunplay",0.000614523966928935,"gunplay"
"Redfall","looter",0.000532446677223824,"looter"
"Redfall","bethesda",0.000369873847576878,"bethesda"
"Redfall","matchmak",0.000356169358274394,"matchmaking"
"Redfall","shotgun",0.000356169358274394,"shotgun"
"Redfall","coop",0.000317912146298953,"coop"
"Skull and Bones","pirat",0.00251541620168136,"pirate"
"Skull and Bones","sail",0.00165301093091459,"sailing"
"Skull and Bones","sea",0.000532220029104499,"sea"
"Skull and Bones","pvp",0.000438759504630167,"pvp"
"Skull and Bones","combat",0.000434589127115396,"combat"
"Skull and Bones","ubisoft",0.000362157605929497,"ubisoft"
"Skull and Bones","pve",0.00025587175760452,"pve"
"Skull and Bones","outpost",0.000197992968879847,"outpost"
"Starfield","bethesda",0.00307471929092348,"bethesda"
"Starfield","planet",0.00224222453951307,"planets"
"Starfield","outpost",0.00124886111721904,"outpost"
"Starfield","skyrim",0.00058527132032651,"skyrim"
"Starfield","galaxi",0.00052527016599819,"galaxy"
"Starfield","elder",0.000435480541500363,"elder"
"Starfield","procedur",0.00041282548442809,"procedural"
"Starfield","faction",0.000384845224055381,"factions"
"Suicide Squad KTJL","arkham",0.0104346514001481,"arkham"
"Suicide Squad KTJL","rocksteadi",0.00932741535046935,"rocksteady"
"Suicide Squad KTJL","batman",0.00330012455203086,"batman"
"Suicide Squad KTJL","looter",0.00128298729271793,"looter"
"Suicide Squad KTJL","knight",0.000657248341406786,"knight"
"Suicide Squad KTJL","travers",0.000439237493980332,"traversal"
"Suicide Squad KTJL","mission",0.000383332810905879,"missions"
"Suicide Squad KTJL","cutscen",0.000287500905150763,"cutscenes"
"Team Fortress 2","valv",0.00193234469711772,"valve"
"Team Fortress 2","bot",0.00140900134164833,"bots"
"Team Fortress 2","cheater",0.00106960032035769,"cheaters"
"Team Fortress 2","matchmak",0.000897415448959913,"matchmaking"
"Team Fortress 2","sniper",0.000719076472225145,"sniper"
"Team Fortress 2","hacker",0.000625829194669413,"hackers"
"Team Fortress 2","medic",0.000523997895982869,"medic"
"Team Fortress 2","rocket",0.000494053481308075,"rocket"
